order_id,order_date,product,category,quantity,price,region
1001,01-01-2023,Headphones,Accessories,4,12000,North
1002,02-01-2023,Smartwatch,Accessories,1,12000,West
1003,03-01-2023,Tablet,Accessories,3,55000,North
1004,04-01-2023,Smartwatch,Accessories,5,12000,West
1005,05-01-2023,Smartwatch,Accessories,3,12000,East
1006,06-01-2023,Laptop,Electronics,3,25000,West
1007,07-01-2023,Tablet,Accessories,1,5000,East
1008,08-01-2023,Tablet,Electronics,1,25000,North
1009,09-01-2023,Tablet,Accessories,1,25000,East
1010,10-01-2023,Smartwatch,Electronics,2,2000,West
1011,11-01-2023,Headphones,Accessories,4,25000,South
1012,12-01-2023,Tablet,Electronics,2,55000,East
1013,13-01-2023,Smartwatch,Accessories,4,55000,East
1014,14-01-2023,Laptop,Electronics,4,2000,North
1015,15-01-2023,Headphones,Accessories,3,5000,West
1016,16-01-2023,Laptop,Electronics,3,5000,East
1017,17-01-2023,Headphones,Accessories,4,25000,East
1018,18-01-2023,Smartwatch,Electronics,4,25000,East
1019,19-01-2023,Mobile,Electronics,2,25000,East
1020,20-01-2023,Headphones,Accessories,2,5000,South
1021,21-01-2023,Laptop,Accessories,3,12000,West
1022,22-01-2023,Smartwatch,Electronics,1,55000,North
1023,23-01-2023,Headphones,Accessories,4,12000,North
1024,24-01-2023,Mobile,Electronics,2,12000,South
1025,25-01-2023,Mobile,Electronics,3,5000,West
1026,26-01-2023,Tablet,Electronics,2,12000,East
1027,27-01-2023,Tablet,Accessories,4,2000,South
1028,28-01-2023,Laptop,Electronics,4,25000,West
1029,29-01-2023,Headphones,Electronics,5,2000,East
1030,30-01-2023,Headphones,Accessories,1,55000,South
1031,31-01-2023,Tablet,Accessories,5,25000,West
1032,01-02-2023,Headphones,Accessories,3,12000,North
1033,02-02-2023,Headphones,Accessories,2,55000,North
1034,03-02-2023,Mobile,Electronics,3,25000,West
1035,04-02-2023,Tablet,Electronics,4,12000,North
1036,05-02-2023,Smartwatch,Electronics,5,2000,West
1037,06-02-2023,Tablet,Electronics,5,25000,East
1038,07-02-2023,Smartwatch,Accessories,5,12000,West
1039,08-02-2023,Mobile,Electronics,3,2000,East
1040,09-02-2023,Laptop,Electronics,4,55000,South
1041,10-02-2023,Headphones,Accessories,2,55000,West
1042,11-02-2023,Mobile,Electronics,2,55000,South
1043,12-02-2023,Headphones,Electronics,3,55000,North
1044,13-02-2023,Laptop,Electronics,5,5000,East
1045,14-02-2023,Laptop,Electronics,1,25000,West
1046,15-02-2023,Mobile,Electronics,3,25000,South
1047,16-02-2023,Laptop,Electronics,3,5000,East
1048,17-02-2023,Smartwatch,Accessories,4,12000,East
1049,18-02-2023,Laptop,Accessories,2,12000,North
1050,19-02-2023,Headphones,Electronics,3,55000,North
1051,20-02-2023,Headphones,Electronics,3,2000,East
1052,21-02-2023,Headphones,Accessories,5,12000,East
1053,22-02-2023,Headphones,Electronics,5,2000,West
1054,23-02-2023,Smartwatch,Electronics,1,25000,East
1055,24-02-2023,Tablet,Electronics,4,2000,West
1056,25-02-2023,Mobile,Accessories,1,25000,East
1057,26-02-2023,Headphones,Electronics,5,5000,North
1058,27-02-2023,Laptop,Accessories,2,5000,West
1059,28-02-2023,Headphones,Electronics,5,55000,South
1060,01-03-2023,Laptop,Accessories,4,12000,North
1061,02-03-2023,Laptop,Accessories,5,55000,West
1062,03-03-2023,Headphones,Electronics,4,25000,West
1063,04-03-2023,Smartwatch,Accessories,4,55000,South
1064,05-03-2023,Laptop,Electronics,4,2000,West
1065,06-03-2023,Laptop,Accessories,4,25000,East
1066,07-03-2023,Headphones,Electronics,4,5000,South
1067,08-03-2023,Laptop,Electronics,2,12000,North
1068,09-03-2023,Laptop,Accessories,1,25000,North
1069,10-03-2023,Headphones,Electronics,3,25000,East
1070,11-03-2023,Headphones,Electronics,1,2000,North
1071,12-03-2023,Mobile,Accessories,4,12000,West
1072,13-03-2023,Smartwatch,Electronics,2,5000,West
1073,14-03-2023,Smartwatch,Electronics,5,25000,East
1074,15-03-2023,Laptop,Accessories,2,25000,North
1075,16-03-2023,Smartwatch,Accessories,4,2000,North
1076,17-03-2023,Laptop,Electronics,2,55000,East
1077,18-03-2023,Mobile,Electronics,2,5000,South
1078,19-03-2023,Headphones,Accessories,4,12000,North
1079,20-03-2023,Headphones,Accessories,2,25000,South
1080,21-03-2023,Headphones,Electronics,3,25000,North
1081,22-03-2023,Smartwatch,Accessories,3,5000,North
1082,23-03-2023,Mobile,Electronics,2,55000,North
1083,24-03-2023,Smartwatch,Electronics,5,25000,North
1084,25-03-2023,Smartwatch,Electronics,4,5000,West
1085,26-03-2023,Mobile,Electronics,3,2000,South
1086,27-03-2023,Mobile,Electronics,5,55000,South
1087,28-03-2023,Mobile,Accessories,2,12000,North
1088,29-03-2023,Mobile,Accessories,5,25000,North
1089,30-03-2023,Headphones,Accessories,1,5000,South
1090,31-03-2023,Tablet,Accessories,3,2000,West
1091,01-04-2023,Tablet,Electronics,2,12000,East
1092,02-04-2023,Mobile,Electronics,4,5000,East
1093,03-04-2023,Tablet,Electronics,2,5000,South
1094,04-04-2023,Tablet,Electronics,4,12000,North
1095,05-04-2023,Mobile,Accessories,2,2000,North
1096,06-04-2023,Tablet,Electronics,5,2000,West
1097,07-04-2023,Smartwatch,Electronics,5,55000,East
1098,08-04-2023,Laptop,Accessories,5,25000,West
1099,09-04-2023,Laptop,Accessories,1,12000,East
1100,10-04-2023,Mobile,Accessories,4,12000,South
1101,11-04-2023,Headphones,Accessories,5,12000,East
1102,12-04-2023,Mobile,Electronics,1,2000,West
1103,13-04-2023,Headphones,Electronics,4,25000,West
1104,14-04-2023,Laptop,Accessories,2,55000,West
1105,15-04-2023,Mobile,Electronics,1,5000,South
1106,16-04-2023,Smartwatch,Electronics,3,5000,East
1107,17-04-2023,Tablet,Electronics,1,12000,East
1108,18-04-2023,Headphones,Accessories,1,25000,West
1109,19-04-2023,Tablet,Electronics,4,2000,East
1110,20-04-2023,Tablet,Accessories,2,25000,North
1111,21-04-2023,Mobile,Electronics,3,25000,North
1112,22-04-2023,Tablet,Electronics,5,2000,North
1113,23-04-2023,Smartwatch,Electronics,5,12000,East
1114,24-04-2023,Tablet,Accessories,1,25000,South
1115,25-04-2023,Mobile,Electronics,4,5000,South
1116,26-04-2023,Smartwatch,Accessories,4,2000,South
1117,27-04-2023,Laptop,Accessories,5,55000,South
1118,28-04-2023,Tablet,Accessories,3,12000,North
1119,29-04-2023,Mobile,Electronics,2,2000,North
1120,30-04-2023,Laptop,Electronics,3,55000,West
1121,01-05-2023,Laptop,Electronics,2,55000,East
1122,02-05-2023,Headphones,Electronics,5,25000,East
1123,03-05-2023,Smartwatch,Accessories,2,25000,South
1124,04-05-2023,Tablet,Accessories,4,25000,North
1125,05-05-2023,Mobile,Accessories,1,2000,South
1126,06-05-2023,Headphones,Electronics,1,2000,West
1127,07-05-2023,Smartwatch,Accessories,5,12000,East
1128,08-05-2023,Headphones,Electronics,4,25000,East
1129,09-05-2023,Smartwatch,Accessories,3,55000,South
1130,10-05-2023,Smartwatch,Electronics,4,5000,West
1131,11-05-2023,Tablet,Electronics,1,12000,East
1132,12-05-2023,Smartwatch,Accessories,1,2000,West
1133,13-05-2023,Headphones,Accessories,4,12000,West
1134,14-05-2023,Smartwatch,Accessories,4,12000,South
1135,15-05-2023,Tablet,Accessories,1,12000,North
1136,16-05-2023,Tablet,Electronics,3,12000,South
1137,17-05-2023,Headphones,Accessories,5,5000,North
1138,18-05-2023,Laptop,Accessories,5,25000,West
1139,19-05-2023,Laptop,Accessories,4,55000,North
1140,20-05-2023,Smartwatch,Electronics,5,12000,West
1141,21-05-2023,Mobile,Electronics,1,12000,East
1142,22-05-2023,Smartwatch,Accessories,1,12000,East
1143,23-05-2023,Headphones,Electronics,4,25000,East
1144,24-05-2023,Headphones,Accessories,4,2000,South
1145,25-05-2023,Headphones,Electronics,4,2000,South
1146,26-05-2023,Headphones,Electronics,3,5000,West
1147,27-05-2023,Headphones,Electronics,5,2000,East
1148,28-05-2023,Tablet,Electronics,4,12000,South
1149,29-05-2023,Laptop,Accessories,2,12000,East
1150,30-05-2023,Headphones,Accessories,2,12000,South
1151,31-05-2023,Mobile,Accessories,1,5000,North
1152,01-06-2023,Mobile,Electronics,5,12000,North
1153,02-06-2023,Mobile,Accessories,4,2000,East
1154,03-06-2023,Mobile,Accessories,2,25000,West
1155,04-06-2023,Tablet,Accessories,5,25000,South
1156,05-06-2023,Mobile,Electronics,1,55000,South
1157,06-06-2023,Headphones,Electronics,3,2000,North
1158,07-06-2023,Smartwatch,Electronics,5,12000,North
1159,08-06-2023,Mobile,Accessories,5,25000,West
1160,09-06-2023,Tablet,Accessories,3,2000,West
1161,10-06-2023,Tablet,Accessories,5,25000,West
1162,11-06-2023,Mobile,Electronics,1,12000,East
1163,12-06-2023,Smartwatch,Electronics,1,25000,North
1164,13-06-2023,Mobile,Accessories,3,55000,East
1165,14-06-2023,Tablet,Electronics,4,55000,North
1166,15-06-2023,Laptop,Electronics,2,25000,North
1167,16-06-2023,Headphones,Electronics,4,2000,South
1168,17-06-2023,Tablet,Electronics,5,2000,North
1169,18-06-2023,Mobile,Accessories,2,2000,North
1170,19-06-2023,Headphones,Electronics,3,25000,East
1171,20-06-2023,Mobile,Electronics,3,2000,North
1172,21-06-2023,Mobile,Electronics,2,12000,East
1173,22-06-2023,Laptop,Electronics,1,55000,West
1174,23-06-2023,Headphones,Accessories,2,12000,North
1175,24-06-2023,Headphones,Accessories,5,2000,North
1176,25-06-2023,Laptop,Electronics,1,12000,East
1177,26-06-2023,Tablet,Electronics,3,2000,West
1178,27-06-2023,Mobile,Electronics,2,25000,South
1179,28-06-2023,Smartwatch,Electronics,4,12000,West
1180,29-06-2023,Mobile,Electronics,4,25000,East
1181,30-06-2023,Mobile,Electronics,5,25000,West
1182,01-07-2023,Tablet,Accessories,4,5000,East
1183,02-07-2023,Mobile,Electronics,2,2000,East
1184,03-07-2023,Laptop,Accessories,2,55000,South
1185,04-07-2023,Laptop,Accessories,4,2000,North
1186,05-07-2023,Headphones,Electronics,2,55000,East
1187,06-07-2023,Smartwatch,Accessories,5,2000,East
1188,07-07-2023,Mobile,Accessories,1,25000,South
1189,08-07-2023,Mobile,Accessories,5,12000,East
1190,09-07-2023,Tablet,Accessories,5,12000,North
1191,10-07-2023,Laptop,Accessories,2,5000,South
1192,11-07-2023,Smartwatch,Accessories,1,55000,North
1193,12-07-2023,Headphones,Electronics,2,55000,North
1194,13-07-2023,Laptop,Accessories,3,55000,South
1195,14-07-2023,Headphones,Accessories,2,25000,East
1196,15-07-2023,Tablet,Accessories,2,55000,North
1197,16-07-2023,Tablet,Electronics,2,12000,North
1198,17-07-2023,Mobile,Accessories,1,25000,North
1199,18-07-2023,Smartwatch,Electronics,2,2000,North
1200,19-07-2023,Headphones,Accessories,1,55000,South
1201,20-07-2023,Laptop,Electronics,4,55000,South
1202,21-07-2023,Tablet,Electronics,3,2000,West
1203,22-07-2023,Mobile,Accessories,1,55000,West
1204,23-07-2023,Mobile,Accessories,4,2000,North
1205,24-07-2023,Headphones,Electronics,1,25000,East
1206,25-07-2023,Tablet,Accessories,1,12000,North
1207,26-07-2023,Smartwatch,Electronics,3,2000,East
1208,27-07-2023,Tablet,Electronics,5,5000,North
1209,28-07-2023,Headphones,Electronics,5,2000,West
1210,29-07-2023,Headphones,Electronics,1,55000,West
1211,30-07-2023,Tablet,Electronics,2,25000,East
1212,31-07-2023,Headphones,Accessories,4,25000,North
1213,01-08-2023,Tablet,Electronics,2,2000,East
1214,02-08-2023,Laptop,Electronics,2,12000,West
1215,03-08-2023,Tablet,Accessories,1,5000,North
1216,04-08-2023,Tablet,Electronics,1,25000,North
1217,05-08-2023,Headphones,Accessories,1,55000,East
1218,06-08-2023,Headphones,Accessories,1,55000,South
1219,07-08-2023,Mobile,Accessories,5,12000,East
1220,08-08-2023,Mobile,Electronics,1,25000,West
1221,09-08-2023,Laptop,Electronics,5,2000,West
1222,10-08-2023,Mobile,Electronics,5,55000,West
1223,11-08-2023,Tablet,Accessories,1,12000,West
1224,12-08-2023,Headphones,Electronics,3,25000,West
1225,13-08-2023,Mobile,Accessories,4,25000,South
1226,14-08-2023,Mobile,Electronics,2,25000,North
1227,15-08-2023,Laptop,Accessories,5,25000,East
1228,16-08-2023,Laptop,Electronics,4,25000,East
1229,17-08-2023,Tablet,Electronics,3,55000,West
1230,18-08-2023,Headphones,Electronics,2,12000,East
1231,19-08-2023,Laptop,Accessories,2,25000,West
1232,20-08-2023,Mobile,Accessories,5,5000,South
1233,21-08-2023,Headphones,Electronics,1,5000,South
1234,22-08-2023,Headphones,Electronics,3,12000,North
1235,23-08-2023,Mobile,Accessories,5,2000,South
1236,24-08-2023,Laptop,Accessories,3,2000,South
1237,25-08-2023,Mobile,Accessories,1,2000,North
1238,26-08-2023,Headphones,Electronics,1,5000,East
1239,27-08-2023,Smartwatch,Accessories,5,2000,West
1240,28-08-2023,Smartwatch,Electronics,1,55000,West
1241,29-08-2023,Tablet,Accessories,4,25000,East
1242,30-08-2023,Mobile,Electronics,2,5000,North
1243,31-08-2023,Mobile,Accessories,5,12000,East
1244,01-09-2023,Tablet,Accessories,3,12000,South
1245,02-09-2023,Tablet,Accessories,4,25000,North
1246,03-09-2023,Tablet,Accessories,5,5000,North
1247,04-09-2023,Headphones,Accessories,1,2000,North
1248,05-09-2023,Mobile,Electronics,1,2000,West
1249,06-09-2023,Headphones,Accessories,1,55000,East
1250,07-09-2023,Tablet,Accessories,1,55000,North
1251,08-09-2023,Mobile,Accessories,3,2000,North
1252,09-09-2023,Headphones,Electronics,4,12000,North
1253,10-09-2023,Headphones,Accessories,2,12000,East
1254,11-09-2023,Tablet,Electronics,3,55000,West
1255,12-09-2023,Mobile,Accessories,3,25000,South
1256,13-09-2023,Tablet,Accessories,2,2000,West
1257,14-09-2023,Mobile,Electronics,2,55000,North
1258,15-09-2023,Smartwatch,Accessories,1,55000,West
1259,16-09-2023,Laptop,Electronics,3,2000,West
1260,17-09-2023,Laptop,Electronics,5,2000,South
1261,18-09-2023,Laptop,Accessories,2,12000,East
1262,19-09-2023,Tablet,Electronics,2,25000,East
1263,20-09-2023,Smartwatch,Accessories,4,25000,West
1264,21-09-2023,Mobile,Accessories,5,2000,West
1265,22-09-2023,Headphones,Electronics,5,5000,East
1266,23-09-2023,Mobile,Electronics,2,55000,East
1267,24-09-2023,Headphones,Electronics,1,55000,South
1268,25-09-2023,Mobile,Electronics,4,2000,North
1269,26-09-2023,Smartwatch,Accessories,5,5000,West
1270,27-09-2023,Headphones,Accessories,2,12000,East
1271,28-09-2023,Tablet,Electronics,5,2000,West
1272,29-09-2023,Mobile,Accessories,4,2000,West
1273,30-09-2023,Mobile,Accessories,4,55000,East
1274,01-10-2023,Headphones,Accessories,3,2000,South
1275,02-10-2023,Tablet,Accessories,2,2000,West
1276,03-10-2023,Tablet,Electronics,4,2000,South
1277,04-10-2023,Smartwatch,Electronics,3,55000,East
1278,05-10-2023,Tablet,Accessories,3,12000,North
1279,06-10-2023,Tablet,Electronics,5,12000,North
1280,07-10-2023,Tablet,Electronics,5,2000,West
1281,08-10-2023,Laptop,Electronics,3,55000,East
1282,09-10-2023,Smartwatch,Accessories,5,12000,South
1283,10-10-2023,Mobile,Accessories,4,12000,West
1284,11-10-2023,Headphones,Accessories,1,12000,East
1285,12-10-2023,Mobile,Electronics,4,55000,East
1286,13-10-2023,Smartwatch,Accessories,3,55000,South
1287,14-10-2023,Headphones,Accessories,3,2000,West
1288,15-10-2023,Smartwatch,Electronics,4,25000,East
1289,16-10-2023,Tablet,Accessories,5,12000,East
1290,17-10-2023,Headphones,Accessories,5,25000,East
1291,18-10-2023,Tablet,Electronics,3,55000,South
1292,19-10-2023,Mobile,Electronics,2,55000,West
1293,20-10-2023,Mobile,Electronics,5,55000,West
1294,21-10-2023,Headphones,Accessories,4,25000,West
1295,22-10-2023,Headphones,Accessories,5,55000,West
1296,23-10-2023,Smartwatch,Accessories,4,2000,North
1297,24-10-2023,Smartwatch,Electronics,3,55000,North
1298,25-10-2023,Tablet,Electronics,5,5000,West
1299,26-10-2023,Headphones,Accessories,4,25000,South
1300,27-10-2023,Mobile,Accessories,3,5000,North
1301,28-10-2023,Smartwatch,Electronics,2,55000,East
1302,29-10-2023,Smartwatch,Electronics,4,2000,North
1303,30-10-2023,Mobile,Electronics,2,12000,East
1304,31-10-2023,Smartwatch,Electronics,2,55000,West
1305,01-11-2023,Tablet,Accessories,1,2000,North
1306,02-11-2023,Headphones,Electronics,5,25000,South
1307,03-11-2023,Mobile,Accessories,4,5000,North
1308,04-11-2023,Headphones,Accessories,2,5000,North
1309,05-11-2023,Smartwatch,Accessories,1,5000,North
1310,06-11-2023,Smartwatch,Electronics,3,25000,West
1311,07-11-2023,Mobile,Electronics,4,2000,South
1312,08-11-2023,Tablet,Electronics,2,25000,North
1313,09-11-2023,Laptop,Electronics,5,5000,South
1314,10-11-2023,Mobile,Accessories,1,55000,West
1315,11-11-2023,Laptop,Electronics,2,12000,East
1316,12-11-2023,Laptop,Electronics,5,25000,North
1317,13-11-2023,Tablet,Accessories,2,25000,South
1318,14-11-2023,Laptop,Electronics,4,2000,South
1319,15-11-2023,Laptop,Accessories,4,2000,West
1320,16-11-2023,Tablet,Accessories,4,25000,North
1321,17-11-2023,Laptop,Accessories,1,5000,East
1322,18-11-2023,Laptop,Accessories,4,12000,South
1323,19-11-2023,Laptop,Accessories,5,2000,North
1324,20-11-2023,Mobile,Accessories,2,5000,East
1325,21-11-2023,Mobile,Accessories,3,55000,South
1326,22-11-2023,Mobile,Accessories,5,2000,South
1327,23-11-2023,Tablet,Electronics,5,5000,East
1328,24-11-2023,Smartwatch,Electronics,4,5000,East
1329,25-11-2023,Laptop,Electronics,1,12000,West
1330,26-11-2023,Laptop,Electronics,2,12000,North
1331,27-11-2023,Tablet,Accessories,1,55000,North
1332,28-11-2023,Laptop,Electronics,2,5000,West
1333,29-11-2023,Mobile,Accessories,2,5000,South
1334,30-11-2023,Smartwatch,Electronics,1,12000,East
1335,01-12-2023,Headphones,Electronics,5,2000,East
1336,02-12-2023,Laptop,Electronics,2,2000,East
1337,03-12-2023,Mobile,Accessories,1,25000,South
1338,04-12-2023,Headphones,Electronics,2,12000,East
1339,05-12-2023,Smartwatch,Accessories,3,25000,East
1340,06-12-2023,Headphones,Accessories,5,12000,West
1341,07-12-2023,Mobile,Electronics,4,55000,South
1342,08-12-2023,Headphones,Electronics,2,5000,North
1343,09-12-2023,Tablet,Electronics,3,55000,West
1344,10-12-2023,Headphones,Accessories,4,12000,West
1345,11-12-2023,Laptop,Electronics,4,5000,North
1346,12-12-2023,Laptop,Accessories,2,2000,West
1347,13-12-2023,Tablet,Accessories,1,2000,South
1348,14-12-2023,Mobile,Electronics,2,25000,East
1349,15-12-2023,Laptop,Electronics,3,12000,South
1350,16-12-2023,Smartwatch,Accessories,4,12000,North
1351,17-12-2023,Laptop,Accessories,2,2000,North
1352,18-12-2023,Laptop,Accessories,1,55000,West
1353,19-12-2023,Mobile,Electronics,2,5000,South
1354,20-12-2023,Headphones,Accessories,5,55000,South
1355,21-12-2023,Laptop,Electronics,1,55000,North
1356,22-12-2023,Tablet,Accessories,3,2000,South
1357,23-12-2023,Headphones,Accessories,4,2000,North
1358,24-12-2023,Smartwatch,Electronics,2,2000,South
1359,25-12-2023,Mobile,Accessories,1,25000,South
1360,26-12-2023,Smartwatch,Electronics,5,55000,South
1361,27-12-2023,Headphones,Electronics,1,12000,North
1362,28-12-2023,Headphones,Accessories,5,5000,West
1363,29-12-2023,Headphones,Electronics,3,25000,South
1364,30-12-2023,Smartwatch,Electronics,4,12000,North
1365,31-12-2023,Headphones,Accessories,3,55000,North
1366,01-01-2024,Smartwatch,Electronics,2,2000,South
1367,02-01-2024,Headphones,Electronics,1,55000,South
1368,03-01-2024,Tablet,Electronics,5,5000,West
1369,04-01-2024,Headphones,Accessories,5,25000,North
1370,05-01-2024,Smartwatch,Electronics,1,25000,North
1371,06-01-2024,Laptop,Accessories,1,5000,East
1372,07-01-2024,Headphones,Accessories,2,12000,North
1373,08-01-2024,Laptop,Electronics,3,12000,West
1374,09-01-2024,Tablet,Electronics,5,25000,East
1375,10-01-2024,Mobile,Electronics,2,25000,East
1376,11-01-2024,Tablet,Accessories,3,2000,East
1377,12-01-2024,Headphones,Electronics,2,12000,South
1378,13-01-2024,Laptop,Electronics,5,5000,South
1379,14-01-2024,Laptop,Electronics,1,12000,North
1380,15-01-2024,Smartwatch,Electronics,1,2000,East
1381,16-01-2024,Laptop,Electronics,3,25000,West
1382,17-01-2024,Smartwatch,Accessories,4,25000,South
1383,18-01-2024,Mobile,Accessories,3,2000,West
1384,19-01-2024,Headphones,Electronics,4,5000,West
1385,20-01-2024,Smartwatch,Electronics,2,25000,South
1386,21-01-2024,Mobile,Electronics,2,55000,South
1387,22-01-2024,Laptop,Electronics,5,25000,South
1388,23-01-2024,Laptop,Accessories,4,55000,South
1389,24-01-2024,Mobile,Electronics,5,2000,East
1390,25-01-2024,Laptop,Accessories,1,2000,East
1391,26-01-2024,Mobile,Accessories,4,25000,East
1392,27-01-2024,Smartwatch,Electronics,3,12000,East
1393,28-01-2024,Smartwatch,Accessories,1,55000,North
1394,29-01-2024,Mobile,Accessories,1,5000,East
1395,30-01-2024,Smartwatch,Accessories,3,25000,South
1396,31-01-2024,Smartwatch,Accessories,1,5000,West
1397,01-02-2024,Smartwatch,Electronics,4,25000,East
1398,02-02-2024,Tablet,Electronics,5,12000,North
1399,03-02-2024,Headphones,Accessories,1,12000,South
1400,04-02-2024,Laptop,Electronics,4,12000,West
1401,05-02-2024,Tablet,Electronics,2,12000,West
1402,06-02-2024,Smartwatch,Electronics,4,2000,East
1403,07-02-2024,Mobile,Electronics,5,2000,West
1404,08-02-2024,Smartwatch,Electronics,4,55000,East
1405,09-02-2024,Headphones,Accessories,3,5000,East
1406,10-02-2024,Smartwatch,Electronics,5,25000,South
1407,11-02-2024,Mobile,Electronics,2,25000,South
1408,12-02-2024,Headphones,Electronics,3,2000,North
1409,13-02-2024,Smartwatch,Electronics,4,25000,South
1410,14-02-2024,Headphones,Accessories,5,2000,South
1411,15-02-2024,Laptop,Accessories,2,55000,East
1412,16-02-2024,Laptop,Accessories,3,5000,South
1413,17-02-2024,Smartwatch,Accessories,2,55000,East
1414,18-02-2024,Headphones,Electronics,4,12000,East
1415,19-02-2024,Mobile,Accessories,2,12000,South
1416,20-02-2024,Smartwatch,Electronics,1,12000,North
1417,21-02-2024,Laptop,Electronics,3,55000,North
1418,22-02-2024,Laptop,Electronics,2,25000,West
1419,23-02-2024,Smartwatch,Electronics,4,5000,West
1420,24-02-2024,Headphones,Electronics,4,12000,South
1421,25-02-2024,Laptop,Accessories,2,12000,North
1422,26-02-2024,Headphones,Accessories,4,12000,East
1423,27-02-2024,Laptop,Accessories,5,5000,West
1424,28-02-2024,Laptop,Accessories,5,12000,East
1425,29-02-2024,Tablet,Electronics,5,5000,West
1426,01-03-2024,Laptop,Accessories,1,12000,South
1427,02-03-2024,Mobile,Electronics,2,55000,North
1428,03-03-2024,Smartwatch,Accessories,1,55000,West
1429,04-03-2024,Smartwatch,Electronics,4,5000,North
1430,05-03-2024,Headphones,Electronics,1,55000,East
1431,06-03-2024,Laptop,Accessories,4,5000,South
1432,07-03-2024,Mobile,Electronics,4,55000,North
1433,08-03-2024,Headphones,Electronics,3,55000,South
1434,09-03-2024,Tablet,Accessories,5,5000,North
1435,10-03-2024,Headphones,Electronics,4,25000,East
1436,11-03-2024,Headphones,Accessories,3,55000,East
1437,12-03-2024,Laptop,Accessories,5,12000,South
1438,13-03-2024,Tablet,Accessories,4,25000,East
1439,14-03-2024,Headphones,Electronics,4,5000,West
1440,15-03-2024,Mobile,Electronics,1,25000,North
1441,16-03-2024,Mobile,Electronics,1,2000,East
1442,17-03-2024,Smartwatch,Accessories,5,2000,West
1443,18-03-2024,Tablet,Electronics,4,55000,South
1444,19-03-2024,Tablet,Accessories,2,55000,West
1445,20-03-2024,Smartwatch,Accessories,1,12000,South
1446,21-03-2024,Headphones,Electronics,5,25000,South
1447,22-03-2024,Tablet,Accessories,4,2000,North
1448,23-03-2024,Mobile,Electronics,4,55000,North
1449,24-03-2024,Mobile,Electronics,2,25000,West
1450,25-03-2024,Laptop,Electronics,5,55000,North
1451,26-03-2024,Tablet,Electronics,4,55000,North
1452,27-03-2024,Headphones,Electronics,1,2000,North
1453,28-03-2024,Smartwatch,Accessories,2,2000,West
1454,29-03-2024,Smartwatch,Accessories,5,55000,East
1455,30-03-2024,Headphones,Accessories,2,5000,North
1456,31-03-2024,Laptop,Electronics,1,55000,North
1457,01-04-2024,Smartwatch,Electronics,5,55000,West
1458,02-04-2024,Tablet,Electronics,2,12000,East
1459,03-04-2024,Laptop,Accessories,3,12000,North
1460,04-04-2024,Tablet,Electronics,1,12000,South
1461,05-04-2024,Mobile,Accessories,1,5000,West
1462,06-04-2024,Laptop,Accessories,1,5000,North
1463,07-04-2024,Smartwatch,Electronics,3,55000,North
1464,08-04-2024,Laptop,Electronics,3,12000,South
1465,09-04-2024,Laptop,Accessories,4,5000,South
1466,10-04-2024,Laptop,Electronics,2,2000,West
1467,11-04-2024,Laptop,Accessories,4,55000,West
1468,12-04-2024,Tablet,Electronics,2,25000,South
1469,13-04-2024,Mobile,Electronics,3,55000,West
1470,14-04-2024,Headphones,Accessories,3,25000,South
1471,15-04-2024,Laptop,Electronics,4,12000,North
1472,16-04-2024,Smartwatch,Accessories,5,25000,South
1473,17-04-2024,Laptop,Electronics,4,12000,South
1474,18-04-2024,Smartwatch,Accessories,2,2000,East
1475,19-04-2024,Tablet,Accessories,4,25000,South
1476,20-04-2024,Smartwatch,Electronics,1,55000,South
1477,21-04-2024,Headphones,Accessories,2,12000,East
1478,22-04-2024,Mobile,Electronics,2,55000,West
1479,23-04-2024,Smartwatch,Electronics,5,5000,East
1480,24-04-2024,Smartwatch,Electronics,3,12000,North
1481,25-04-2024,Mobile,Accessories,2,25000,East
1482,26-04-2024,Headphones,Accessories,3,12000,North
1483,27-04-2024,Laptop,Electronics,4,55000,West
1484,28-04-2024,Smartwatch,Electronics,1,2000,East
1485,29-04-2024,Mobile,Accessories,5,12000,East
1486,30-04-2024,Tablet,Electronics,3,25000,West
1487,01-05-2024,Mobile,Electronics,2,5000,North
1488,02-05-2024,Tablet,Accessories,3,2000,East
1489,03-05-2024,Headphones,Electronics,2,5000,North
1490,04-05-2024,Laptop,Accessories,3,12000,East
1491,05-05-2024,Mobile,Electronics,2,55000,South
1492,06-05-2024,Smartwatch,Accessories,4,55000,East
1493,07-05-2024,Headphones,Electronics,2,25000,West
1494,08-05-2024,Mobile,Electronics,2,55000,West
1495,09-05-2024,Smartwatch,Accessories,1,2000,North
1496,10-05-2024,Mobile,Electronics,2,55000,East
1497,11-05-2024,Tablet,Accessories,1,25000,North
1498,12-05-2024,Mobile,Electronics,5,12000,North
1499,13-05-2024,Mobile,Accessories,1,12000,South
1500,14-05-2024,Mobile,Accessories,4,55000,South
1501,15-05-2024,Headphones,Accessories,1,5000,West
1502,16-05-2024,Mobile,Accessories,5,12000,North
1503,17-05-2024,Smartwatch,Electronics,4,55000,West
1504,18-05-2024,Tablet,Electronics,3,25000,East
1505,19-05-2024,Tablet,Accessories,3,55000,North
1506,20-05-2024,Mobile,Accessories,1,12000,North
1507,21-05-2024,Headphones,Accessories,1,25000,East
1508,22-05-2024,Headphones,Electronics,5,55000,East
1509,23-05-2024,Smartwatch,Electronics,5,2000,West
1510,24-05-2024,Mobile,Electronics,2,25000,West
1511,25-05-2024,Tablet,Electronics,5,2000,East
1512,26-05-2024,Headphones,Accessories,2,5000,West
1513,27-05-2024,Mobile,Accessories,4,25000,East
1514,28-05-2024,Headphones,Accessories,1,2000,North
1515,29-05-2024,Headphones,Electronics,4,12000,North
1516,30-05-2024,Tablet,Electronics,5,12000,South
1517,31-05-2024,Laptop,Electronics,4,5000,North
1518,01-06-2024,Smartwatch,Accessories,4,25000,East
1519,02-06-2024,Smartwatch,Accessories,4,25000,West
1520,03-06-2024,Tablet,Electronics,5,25000,South
1521,04-06-2024,Headphones,Accessories,4,5000,West
1522,05-06-2024,Mobile,Electronics,2,25000,East
1523,06-06-2024,Headphones,Electronics,5,12000,North
1524,07-06-2024,Tablet,Accessories,4,2000,South
1525,08-06-2024,Smartwatch,Electronics,5,12000,East
1526,09-06-2024,Headphones,Accessories,3,12000,South
1527,10-06-2024,Smartwatch,Electronics,2,2000,South
1528,11-06-2024,Mobile,Accessories,4,12000,North
1529,12-06-2024,Smartwatch,Accessories,3,5000,East
1530,13-06-2024,Smartwatch,Accessories,3,2000,West
1531,14-06-2024,Laptop,Electronics,5,12000,South
1532,15-06-2024,Laptop,Electronics,3,55000,South
1533,16-06-2024,Laptop,Accessories,2,12000,West
1534,17-06-2024,Smartwatch,Accessories,2,5000,East
1535,18-06-2024,Tablet,Electronics,1,25000,South
1536,19-06-2024,Smartwatch,Electronics,2,12000,South
1537,20-06-2024,Tablet,Electronics,3,25000,South
1538,21-06-2024,Tablet,Accessories,2,55000,East
1539,22-06-2024,Laptop,Electronics,5,12000,East
1540,23-06-2024,Headphones,Electronics,1,2000,West
1541,24-06-2024,Mobile,Accessories,3,25000,East
1542,25-06-2024,Laptop,Electronics,1,55000,East
1543,26-06-2024,Laptop,Electronics,3,2000,North
1544,27-06-2024,Headphones,Electronics,5,2000,West
1545,28-06-2024,Mobile,Accessories,1,2000,South
1546,29-06-2024,Smartwatch,Accessories,4,2000,East
1547,30-06-2024,Smartwatch,Accessories,3,12000,South
1548,01-07-2024,Laptop,Accessories,4,12000,South
1549,02-07-2024,Mobile,Accessories,1,12000,North
1550,03-07-2024,Laptop,Accessories,4,55000,East
1551,04-07-2024,Tablet,Accessories,4,55000,West
1552,05-07-2024,Laptop,Electronics,1,55000,East
1553,06-07-2024,Laptop,Electronics,5,5000,South
1554,07-07-2024,Smartwatch,Accessories,4,55000,West
1555,08-07-2024,Smartwatch,Electronics,4,12000,East
1556,09-07-2024,Smartwatch,Electronics,5,12000,South
1557,10-07-2024,Tablet,Accessories,4,5000,South
1558,11-07-2024,Smartwatch,Electronics,4,5000,North
1559,12-07-2024,Mobile,Electronics,4,55000,North
1560,13-07-2024,Headphones,Electronics,2,25000,North
1561,14-07-2024,Mobile,Electronics,5,5000,South
1562,15-07-2024,Mobile,Electronics,4,2000,East
1563,16-07-2024,Smartwatch,Accessories,5,12000,North
1564,17-07-2024,Headphones,Accessories,3,2000,East
1565,18-07-2024,Headphones,Accessories,3,12000,North
1566,19-07-2024,Headphones,Electronics,4,12000,West
1567,20-07-2024,Tablet,Accessories,5,5000,West
1568,21-07-2024,Smartwatch,Electronics,5,5000,North
1569,22-07-2024,Headphones,Electronics,5,2000,South
1570,23-07-2024,Tablet,Electronics,2,12000,North
1571,24-07-2024,Laptop,Electronics,3,2000,North
1572,25-07-2024,Laptop,Accessories,5,25000,South
1573,26-07-2024,Tablet,Accessories,5,2000,West
1574,27-07-2024,Tablet,Electronics,2,55000,East
1575,28-07-2024,Smartwatch,Accessories,2,2000,North
1576,29-07-2024,Smartwatch,Electronics,5,55000,South
1577,30-07-2024,Laptop,Accessories,1,55000,North
1578,31-07-2024,Headphones,Accessories,5,55000,South
1579,01-08-2024,Laptop,Electronics,5,25000,East
1580,02-08-2024,Headphones,Accessories,2,2000,East
1581,03-08-2024,Headphones,Electronics,2,2000,West
1582,04-08-2024,Smartwatch,Accessories,5,25000,South
1583,05-08-2024,Mobile,Electronics,5,12000,South
1584,06-08-2024,Mobile,Electronics,5,5000,West
1585,07-08-2024,Tablet,Accessories,2,2000,West
1586,08-08-2024,Smartwatch,Accessories,5,5000,South
1587,09-08-2024,Headphones,Electronics,5,25000,West
1588,10-08-2024,Mobile,Accessories,4,12000,East
1589,11-08-2024,Headphones,Accessories,1,12000,North
1590,12-08-2024,Mobile,Electronics,3,12000,East
1591,13-08-2024,Mobile,Electronics,1,25000,West
1592,14-08-2024,Mobile,Accessories,4,55000,South
1593,15-08-2024,Smartwatch,Electronics,3,55000,South
1594,16-08-2024,Laptop,Electronics,5,5000,East
1595,17-08-2024,Headphones,Electronics,4,55000,South
1596,18-08-2024,Smartwatch,Accessories,5,55000,West
1597,19-08-2024,Smartwatch,Accessories,2,12000,East
1598,20-08-2024,Smartwatch,Electronics,4,12000,South
1599,21-08-2024,Smartwatch,Accessories,2,5000,North
1600,22-08-2024,Smartwatch,Electronics,4,2000,North
1601,23-08-2024,Tablet,Accessories,4,5000,West
1602,24-08-2024,Headphones,Electronics,2,5000,South
1603,25-08-2024,Smartwatch,Electronics,3,25000,West
1604,26-08-2024,Headphones,Accessories,1,25000,East
1605,27-08-2024,Tablet,Electronics,5,5000,North
1606,28-08-2024,Tablet,Accessories,4,5000,East
1607,29-08-2024,Headphones,Accessories,5,5000,South
1608,30-08-2024,Mobile,Electronics,2,55000,West
1609,31-08-2024,Laptop,Electronics,5,25000,West
1610,01-09-2024,Mobile,Accessories,2,5000,West
1611,02-09-2024,Mobile,Electronics,5,12000,East
1612,03-09-2024,Mobile,Electronics,1,12000,North
1613,04-09-2024,Smartwatch,Electronics,1,55000,East
1614,05-09-2024,Tablet,Electronics,1,55000,East
1615,06-09-2024,Mobile,Electronics,1,2000,South
1616,07-09-2024,Tablet,Accessories,1,2000,South
1617,08-09-2024,Headphones,Accessories,1,2000,South
1618,09-09-2024,Laptop,Electronics,2,55000,North
1619,10-09-2024,Headphones,Electronics,4,55000,North
1620,11-09-2024,Headphones,Electronics,5,55000,South
1621,12-09-2024,Smartwatch,Accessories,1,12000,South
1622,13-09-2024,Laptop,Electronics,2,55000,North
1623,14-09-2024,Headphones,Accessories,2,12000,West
1624,15-09-2024,Headphones,Accessories,2,2000,North
1625,16-09-2024,Laptop,Accessories,4,2000,North
1626,17-09-2024,Laptop,Electronics,5,2000,North
1627,18-09-2024,Headphones,Accessories,4,5000,South
1628,19-09-2024,Laptop,Electronics,3,5000,West
1629,20-09-2024,Headphones,Accessories,2,25000,North
1630,21-09-2024,Headphones,Electronics,3,25000,South
1631,22-09-2024,Smartwatch,Accessories,1,25000,East
1632,23-09-2024,Mobile,Electronics,1,5000,East
1633,24-09-2024,Headphones,Accessories,4,5000,North
1634,25-09-2024,Tablet,Electronics,5,25000,East
1635,26-09-2024,Mobile,Electronics,3,25000,West
1636,27-09-2024,Mobile,Electronics,5,55000,East
1637,28-09-2024,Mobile,Electronics,4,25000,East
1638,29-09-2024,Smartwatch,Accessories,1,55000,West
1639,30-09-2024,Headphones,Accessories,5,12000,North
1640,01-10-2024,Smartwatch,Electronics,5,5000,North
1641,02-10-2024,Headphones,Accessories,1,25000,West
1642,03-10-2024,Smartwatch,Electronics,3,5000,West
1643,04-10-2024,Smartwatch,Electronics,1,5000,West
1644,05-10-2024,Tablet,Accessories,5,5000,East
1645,06-10-2024,Smartwatch,Electronics,3,12000,West
1646,07-10-2024,Laptop,Electronics,3,2000,South
1647,08-10-2024,Tablet,Accessories,1,25000,East
1648,09-10-2024,Smartwatch,Electronics,5,2000,North
1649,10-10-2024,Mobile,Electronics,4,2000,North
1650,11-10-2024,Laptop,Electronics,5,2000,North
1651,12-10-2024,Laptop,Electronics,2,5000,East
1652,13-10-2024,Laptop,Accessories,4,55000,South
1653,14-10-2024,Tablet,Accessories,3,5000,West
1654,15-10-2024,Smartwatch,Accessories,4,5000,West
1655,16-10-2024,Smartwatch,Electronics,3,2000,North
1656,17-10-2024,Mobile,Electronics,3,5000,North
1657,18-10-2024,Mobile,Accessories,4,2000,East
1658,19-10-2024,Laptop,Electronics,3,55000,South
1659,20-10-2024,Mobile,Electronics,3,25000,West
1660,21-10-2024,Tablet,Electronics,2,2000,East
1661,22-10-2024,Smartwatch,Electronics,5,55000,West
1662,23-10-2024,Laptop,Accessories,5,25000,North
1663,24-10-2024,Mobile,Accessories,2,12000,West
1664,25-10-2024,Tablet,Accessories,4,2000,South
1665,26-10-2024,Tablet,Electronics,1,2000,South
1666,27-10-2024,Mobile,Accessories,1,12000,North
1667,28-10-2024,Smartwatch,Accessories,1,12000,South
1668,29-10-2024,Mobile,Electronics,2,2000,South
1669,30-10-2024,Laptop,Electronics,2,12000,East
1670,31-10-2024,Mobile,Accessories,3,5000,West
1671,01-11-2024,Tablet,Accessories,1,25000,North
1672,02-11-2024,Mobile,Accessories,4,25000,North
1673,03-11-2024,Smartwatch,Accessories,4,25000,North
1674,04-11-2024,Headphones,Electronics,1,5000,North
1675,05-11-2024,Mobile,Accessories,1,12000,North
1676,06-11-2024,Smartwatch,Accessories,1,55000,South
1677,07-11-2024,Smartwatch,Electronics,2,12000,East
1678,08-11-2024,Tablet,Accessories,2,2000,North
1679,09-11-2024,Smartwatch,Electronics,2,25000,East
1680,10-11-2024,Smartwatch,Electronics,5,12000,East
1681,11-11-2024,Smartwatch,Electronics,4,55000,South
1682,12-11-2024,Smartwatch,Accessories,4,2000,North
1683,13-11-2024,Laptop,Accessories,3,5000,South
1684,14-11-2024,Laptop,Electronics,2,5000,North
1685,15-11-2024,Tablet,Accessories,5,55000,South
1686,16-11-2024,Mobile,Accessories,5,2000,East
1687,17-11-2024,Smartwatch,Electronics,4,25000,North
1688,18-11-2024,Mobile,Electronics,2,12000,West
1689,19-11-2024,Mobile,Accessories,3,2000,East
1690,20-11-2024,Tablet,Electronics,2,5000,West
1691,21-11-2024,Smartwatch,Accessories,1,55000,East
1692,22-11-2024,Smartwatch,Accessories,2,55000,South
1693,23-11-2024,Headphones,Accessories,1,12000,North
1694,24-11-2024,Mobile,Accessories,1,55000,East
1695,25-11-2024,Mobile,Electronics,3,55000,South
1696,26-11-2024,Laptop,Electronics,4,2000,North
1697,27-11-2024,Headphones,Electronics,2,25000,North
1698,28-11-2024,Laptop,Electronics,1,12000,East
1699,29-11-2024,Laptop,Accessories,2,2000,North
1700,30-11-2024,Laptop,Accessories,4,25000,East
1701,01-12-2024,Tablet,Electronics,4,2000,North
1702,02-12-2024,Tablet,Accessories,5,2000,West
1703,03-12-2024,Laptop,Accessories,4,55000,South
1704,04-12-2024,Headphones,Accessories,3,25000,West
1705,05-12-2024,Mobile,Electronics,1,12000,East
1706,06-12-2024,Headphones,Electronics,5,12000,West
1707,07-12-2024,Smartwatch,Electronics,3,25000,East
1708,08-12-2024,Tablet,Accessories,2,55000,North
1709,09-12-2024,Mobile,Electronics,1,5000,North
1710,10-12-2024,Mobile,Electronics,4,2000,East
1711,11-12-2024,Smartwatch,Electronics,1,55000,West
1712,12-12-2024,Smartwatch,Electronics,2,25000,North
1713,13-12-2024,Laptop,Electronics,5,2000,South
1714,14-12-2024,Tablet,Electronics,5,12000,North
1715,15-12-2024,Tablet,Accessories,5,5000,South
1716,16-12-2024,Headphones,Accessories,4,12000,West
1717,17-12-2024,Laptop,Electronics,3,25000,South
1718,18-12-2024,Laptop,Electronics,3,2000,South
1719,19-12-2024,Laptop,Accessories,1,25000,South
1720,20-12-2024,Laptop,Accessories,4,2000,South
1721,21-12-2024,Tablet,Electronics,5,55000,North
1722,22-12-2024,Tablet,Electronics,5,5000,South
1723,23-12-2024,Laptop,Electronics,2,55000,North
1724,24-12-2024,Headphones,Electronics,2,55000,South
1725,25-12-2024,Mobile,Accessories,5,25000,East
1726,26-12-2024,Mobile,Electronics,5,5000,West
1727,27-12-2024,Headphones,Electronics,4,2000,South
1728,28-12-2024,Laptop,Electronics,3,2000,East
1729,29-12-2024,Tablet,Electronics,2,12000,South
1730,30-12-2024,Mobile,Accessories,3,2000,South
1731,31-12-2024,Smartwatch,Accessories,4,25000,South
1732,01-01-2025,Smartwatch,Accessories,5,55000,East
1733,02-01-2025,Headphones,Electronics,3,55000,West
1734,03-01-2025,Laptop,Electronics,5,55000,East
1735,04-01-2025,Mobile,Accessories,5,5000,West
1736,05-01-2025,Laptop,Electronics,1,2000,South
1737,06-01-2025,Mobile,Electronics,3,25000,North
1738,07-01-2025,Headphones,Accessories,3,5000,South
1739,08-01-2025,Headphones,Accessories,5,12000,West
1740,09-01-2025,Smartwatch,Accessories,4,25000,East
1741,10-01-2025,Laptop,Accessories,1,25000,South
1742,11-01-2025,Smartwatch,Electronics,5,25000,East
1743,12-01-2025,Laptop,Electronics,2,55000,East
1744,13-01-2025,Smartwatch,Accessories,2,25000,East
1745,14-01-2025,Tablet,Electronics,1,2000,South
1746,15-01-2025,Tablet,Accessories,4,25000,East
1747,16-01-2025,Tablet,Accessories,5,55000,East
1748,17-01-2025,Tablet,Electronics,3,25000,South
1749,18-01-2025,Mobile,Accessories,1,12000,East
1750,19-01-2025,Tablet,Electronics,4,12000,South
1751,20-01-2025,Headphones,Electronics,3,55000,West
1752,21-01-2025,Headphones,Electronics,2,2000,West
1753,22-01-2025,Mobile,Electronics,2,2000,West
1754,23-01-2025,Tablet,Accessories,3,5000,East
1755,24-01-2025,Tablet,Electronics,1,55000,North
1756,25-01-2025,Tablet,Accessories,2,25000,North
1757,26-01-2025,Smartwatch,Accessories,5,55000,East
1758,27-01-2025,Laptop,Accessories,3,5000,North
1759,28-01-2025,Smartwatch,Accessories,3,55000,South
1760,29-01-2025,Laptop,Electronics,2,55000,North
1761,30-01-2025,Tablet,Electronics,1,5000,East
1762,31-01-2025,Tablet,Accessories,5,2000,East
1763,01-02-2025,Smartwatch,Accessories,1,25000,South
1764,02-02-2025,Smartwatch,Electronics,4,5000,West
1765,03-02-2025,Laptop,Accessories,4,12000,East
1766,04-02-2025,Headphones,Electronics,2,2000,South
1767,05-02-2025,Laptop,Accessories,2,12000,North
1768,06-02-2025,Smartwatch,Electronics,2,2000,North
1769,07-02-2025,Smartwatch,Accessories,4,25000,South
1770,08-02-2025,Mobile,Accessories,1,25000,South
1771,09-02-2025,Smartwatch,Electronics,1,55000,East
1772,10-02-2025,Mobile,Accessories,2,12000,North
1773,11-02-2025,Headphones,Accessories,5,2000,South
1774,12-02-2025,Laptop,Electronics,1,25000,North
1775,13-02-2025,Laptop,Accessories,4,5000,South
1776,14-02-2025,Mobile,Electronics,3,25000,North
1777,15-02-2025,Laptop,Electronics,3,5000,West
1778,16-02-2025,Smartwatch,Accessories,3,2000,East
1779,17-02-2025,Tablet,Accessories,5,25000,North
1780,18-02-2025,Mobile,Accessories,2,25000,West
1781,19-02-2025,Laptop,Accessories,4,2000,North
1782,20-02-2025,Mobile,Accessories,5,25000,North
1783,21-02-2025,Mobile,Accessories,4,5000,West
1784,22-02-2025,Tablet,Accessories,4,25000,North
1785,23-02-2025,Smartwatch,Electronics,2,12000,North
1786,24-02-2025,Mobile,Accessories,3,55000,East
1787,25-02-2025,Laptop,Electronics,2,5000,West
1788,26-02-2025,Headphones,Accessories,5,12000,West
1789,27-02-2025,Mobile,Accessories,5,2000,South
1790,28-02-2025,Mobile,Electronics,5,5000,North
1791,01-03-2025,Tablet,Accessories,2,55000,East
1792,02-03-2025,Smartwatch,Accessories,4,55000,North
1793,03-03-2025,Headphones,Electronics,4,2000,North
1794,04-03-2025,Laptop,Accessories,1,2000,South
1795,05-03-2025,Headphones,Accessories,5,5000,North
1796,06-03-2025,Laptop,Accessories,4,25000,East
1797,07-03-2025,Smartwatch,Electronics,1,2000,East
1798,08-03-2025,Laptop,Accessories,4,25000,South
1799,09-03-2025,Tablet,Accessories,5,12000,North
1800,10-03-2025,Tablet,Accessories,3,55000,East
1801,11-03-2025,Tablet,Accessories,5,25000,North
1802,12-03-2025,Tablet,Electronics,2,55000,North
1803,13-03-2025,Headphones,Electronics,4,25000,North
1804,14-03-2025,Smartwatch,Accessories,4,12000,South
1805,15-03-2025,Laptop,Accessories,2,2000,North
1806,16-03-2025,Laptop,Electronics,2,12000,East
1807,17-03-2025,Tablet,Electronics,3,2000,North
1808,18-03-2025,Tablet,Accessories,4,2000,East
1809,19-03-2025,Mobile,Electronics,4,55000,North
1810,20-03-2025,Smartwatch,Accessories,3,12000,East
1811,21-03-2025,Headphones,Electronics,1,25000,East
1812,22-03-2025,Laptop,Electronics,3,12000,North
1813,23-03-2025,Mobile,Electronics,5,55000,North
1814,24-03-2025,Mobile,Electronics,4,2000,East
1815,25-03-2025,Laptop,Accessories,2,55000,West
1816,26-03-2025,Headphones,Electronics,5,5000,South
1817,27-03-2025,Mobile,Electronics,4,5000,West
1818,28-03-2025,Mobile,Accessories,3,25000,West
1819,29-03-2025,Smartwatch,Electronics,5,55000,North
1820,30-03-2025,Headphones,Electronics,4,25000,South
1821,31-03-2025,Mobile,Accessories,1,25000,West
1822,01-04-2025,Headphones,Electronics,1,5000,North
1823,02-04-2025,Laptop,Accessories,2,25000,West
1824,03-04-2025,Tablet,Accessories,4,5000,West
1825,04-04-2025,Mobile,Accessories,1,2000,North
1826,05-04-2025,Smartwatch,Accessories,3,55000,North
1827,06-04-2025,Laptop,Electronics,4,25000,North
1828,07-04-2025,Headphones,Accessories,3,5000,South
1829,08-04-2025,Laptop,Electronics,3,12000,West
1830,09-04-2025,Mobile,Electronics,1,25000,North
1831,10-04-2025,Headphones,Electronics,4,2000,East
1832,11-04-2025,Tablet,Electronics,5,2000,West
1833,12-04-2025,Laptop,Electronics,1,12000,East
1834,13-04-2025,Mobile,Electronics,1,5000,South
1835,14-04-2025,Smartwatch,Electronics,4,25000,North
1836,15-04-2025,Headphones,Electronics,4,5000,East
1837,16-04-2025,Laptop,Electronics,3,2000,South
1838,17-04-2025,Laptop,Electronics,4,5000,North
1839,18-04-2025,Tablet,Accessories,3,2000,East
1840,19-04-2025,Tablet,Accessories,1,5000,East
1841,20-04-2025,Smartwatch,Accessories,2,12000,South
1842,21-04-2025,Smartwatch,Electronics,5,55000,North
1843,22-04-2025,Mobile,Accessories,1,12000,North
1844,23-04-2025,Mobile,Accessories,4,12000,East
1845,24-04-2025,Smartwatch,Accessories,5,55000,East
1846,25-04-2025,Smartwatch,Electronics,2,55000,East
1847,26-04-2025,Headphones,Electronics,2,25000,North
1848,27-04-2025,Tablet,Electronics,3,25000,South
1849,28-04-2025,Mobile,Electronics,5,12000,South
1850,29-04-2025,Tablet,Accessories,3,12000,North
1851,30-04-2025,Tablet,Accessories,1,2000,West
1852,01-05-2025,Smartwatch,Accessories,5,2000,South
1853,02-05-2025,Headphones,Accessories,1,25000,East
1854,03-05-2025,Laptop,Electronics,3,25000,West
1855,04-05-2025,Headphones,Electronics,5,2000,West
1856,05-05-2025,Headphones,Electronics,3,2000,South
1857,06-05-2025,Tablet,Accessories,5,5000,West
1858,07-05-2025,Headphones,Electronics,3,5000,West
1859,08-05-2025,Mobile,Electronics,2,2000,South
1860,09-05-2025,Tablet,Accessories,3,5000,South
1861,10-05-2025,Mobile,Accessories,2,55000,West
1862,11-05-2025,Laptop,Electronics,3,25000,East
1863,12-05-2025,Tablet,Electronics,5,25000,North
1864,13-05-2025,Laptop,Electronics,5,2000,West
1865,14-05-2025,Tablet,Electronics,5,12000,West
1866,15-05-2025,Smartwatch,Electronics,4,2000,East
1867,16-05-2025,Headphones,Electronics,1,5000,West
1868,17-05-2025,Smartwatch,Accessories,5,12000,West
1869,18-05-2025,Laptop,Accessories,2,5000,North
1870,19-05-2025,Headphones,Accessories,5,55000,North
1871,20-05-2025,Tablet,Electronics,4,5000,North
1872,21-05-2025,Headphones,Accessories,2,55000,South
1873,22-05-2025,Mobile,Electronics,4,55000,South
1874,23-05-2025,Headphones,Electronics,2,5000,North
1875,24-05-2025,Mobile,Accessories,3,5000,North
1876,25-05-2025,Headphones,Electronics,1,55000,South
1877,26-05-2025,Mobile,Electronics,1,12000,East
1878,27-05-2025,Laptop,Accessories,4,55000,West
1879,28-05-2025,Smartwatch,Accessories,1,25000,West
1880,29-05-2025,Tablet,Accessories,4,55000,North
1881,30-05-2025,Headphones,Electronics,4,12000,East
1882,31-05-2025,Smartwatch,Accessories,4,25000,South
1883,01-06-2025,Tablet,Accessories,1,2000,North
1884,02-06-2025,Tablet,Electronics,4,2000,East
1885,03-06-2025,Mobile,Accessories,1,12000,East
1886,04-06-2025,Laptop,Accessories,4,55000,East
1887,05-06-2025,Laptop,Accessories,5,5000,South
1888,06-06-2025,Smartwatch,Electronics,4,12000,South
1889,07-06-2025,Laptop,Electronics,2,25000,West
1890,08-06-2025,Headphones,Electronics,4,25000,West
1891,09-06-2025,Laptop,Electronics,3,2000,East
1892,10-06-2025,Smartwatch,Accessories,4,25000,East
1893,11-06-2025,Laptop,Electronics,2,12000,South
1894,12-06-2025,Headphones,Electronics,2,25000,West
1895,13-06-2025,Mobile,Accessories,1,12000,East
1896,14-06-2025,Smartwatch,Accessories,5,5000,West
1897,15-06-2025,Mobile,Accessories,4,2000,West
1898,16-06-2025,Mobile,Electronics,1,25000,East
1899,17-06-2025,Mobile,Electronics,5,12000,South
1900,18-06-2025,Tablet,Electronics,4,55000,East
1901,19-06-2025,Tablet,Accessories,3,2000,East
1902,20-06-2025,Mobile,Accessories,4,5000,West
1903,21-06-2025,Smartwatch,Electronics,2,12000,East
1904,22-06-2025,Headphones,Accessories,2,5000,South
1905,23-06-2025,Headphones,Accessories,3,5000,East
1906,24-06-2025,Laptop,Accessories,1,25000,South
1907,25-06-2025,Smartwatch,Electronics,5,25000,South
1908,26-06-2025,Tablet,Accessories,4,12000,West
1909,27-06-2025,Mobile,Accessories,2,55000,North
1910,28-06-2025,Laptop,Electronics,1,12000,North
1911,29-06-2025,Headphones,Electronics,3,55000,West
1912,30-06-2025,Tablet,Accessories,2,5000,East
1913,01-07-2025,Tablet,Accessories,3,2000,West
1914,02-07-2025,Mobile,Electronics,4,12000,South
1915,03-07-2025,Headphones,Electronics,5,12000,North
1916,04-07-2025,Smartwatch,Accessories,2,55000,West
1917,05-07-2025,Tablet,Accessories,2,5000,East
1918,06-07-2025,Mobile,Accessories,4,5000,West
1919,07-07-2025,Smartwatch,Accessories,1,55000,North
1920,08-07-2025,Headphones,Electronics,5,5000,West
1921,09-07-2025,Tablet,Accessories,2,25000,West
1922,10-07-2025,Smartwatch,Accessories,5,2000,North
1923,11-07-2025,Smartwatch,Electronics,2,12000,South
1924,12-07-2025,Smartwatch,Accessories,5,2000,South
1925,13-07-2025,Tablet,Electronics,3,12000,North
1926,14-07-2025,Tablet,Accessories,2,25000,West
1927,15-07-2025,Laptop,Accessories,5,5000,North
1928,16-07-2025,Headphones,Electronics,1,55000,South
1929,17-07-2025,Mobile,Electronics,3,25000,East
1930,18-07-2025,Smartwatch,Accessories,3,2000,West
1931,19-07-2025,Laptop,Accessories,1,55000,South
1932,20-07-2025,Mobile,Accessories,5,5000,West
1933,21-07-2025,Laptop,Electronics,4,25000,North
1934,22-07-2025,Tablet,Accessories,1,55000,East
1935,23-07-2025,Smartwatch,Electronics,5,25000,North
1936,24-07-2025,Mobile,Electronics,1,25000,East
1937,25-07-2025,Mobile,Accessories,1,5000,West
1938,26-07-2025,Mobile,Electronics,2,12000,West
1939,27-07-2025,Mobile,Accessories,5,55000,North
1940,28-07-2025,Mobile,Accessories,4,5000,East
1941,29-07-2025,Laptop,Accessories,2,25000,East
1942,30-07-2025,Smartwatch,Accessories,1,5000,West
1943,31-07-2025,Tablet,Accessories,1,12000,North
1944,01-08-2025,Tablet,Electronics,1,55000,East
1945,02-08-2025,Tablet,Electronics,5,12000,West
1946,03-08-2025,Tablet,Accessories,5,2000,South
1947,04-08-2025,Laptop,Accessories,2,55000,North
1948,05-08-2025,Headphones,Electronics,4,12000,South
1949,06-08-2025,Smartwatch,Electronics,2,25000,North
1950,07-08-2025,Mobile,Electronics,3,55000,West
1951,08-08-2025,Headphones,Electronics,1,55000,East
1952,09-08-2025,Tablet,Accessories,1,5000,East
1953,10-08-2025,Headphones,Accessories,1,25000,East
1954,11-08-2025,Smartwatch,Electronics,2,2000,North
1955,12-08-2025,Mobile,Accessories,2,12000,West
1956,13-08-2025,Mobile,Electronics,1,5000,South
1957,14-08-2025,Smartwatch,Accessories,2,12000,West
1958,15-08-2025,Smartwatch,Electronics,5,2000,South
1959,16-08-2025,Tablet,Accessories,5,2000,North
1960,17-08-2025,Mobile,Electronics,2,55000,North
1961,18-08-2025,Headphones,Electronics,1,2000,South
1962,19-08-2025,Laptop,Accessories,2,12000,South
1963,20-08-2025,Laptop,Electronics,2,25000,South
1964,21-08-2025,Smartwatch,Accessories,2,25000,West
1965,22-08-2025,Tablet,Accessories,3,55000,South
1966,23-08-2025,Laptop,Electronics,5,12000,North
1967,24-08-2025,Mobile,Accessories,4,12000,North
1968,25-08-2025,Smartwatch,Accessories,4,2000,East
1969,26-08-2025,Headphones,Accessories,3,12000,South
1970,27-08-2025,Smartwatch,Accessories,2,5000,West
1971,28-08-2025,Headphones,Accessories,3,2000,West
1972,29-08-2025,Smartwatch,Electronics,3,5000,West
1973,30-08-2025,Smartwatch,Accessories,1,55000,East
1974,31-08-2025,Smartwatch,Accessories,5,25000,North
1975,01-09-2025,Headphones,Accessories,4,55000,West
1976,02-09-2025,Headphones,Accessories,2,25000,North
1977,03-09-2025,Smartwatch,Accessories,4,55000,East
1978,04-09-2025,Laptop,Electronics,4,12000,South
1979,05-09-2025,Tablet,Accessories,5,5000,South
1980,06-09-2025,Tablet,Electronics,4,25000,South
1981,07-09-2025,Tablet,Electronics,4,2000,West
1982,08-09-2025,Headphones,Electronics,3,5000,South
1983,09-09-2025,Headphones,Electronics,5,2000,West
1984,10-09-2025,Laptop,Accessories,1,5000,East
1985,11-09-2025,Tablet,Electronics,2,5000,East
1986,12-09-2025,Tablet,Electronics,4,55000,West
1987,13-09-2025,Smartwatch,Accessories,2,25000,North
1988,14-09-2025,Headphones,Accessories,1,25000,South
1989,15-09-2025,Tablet,Accessories,2,5000,South
1990,16-09-2025,Laptop,Electronics,1,12000,South
1991,17-09-2025,Laptop,Accessories,3,12000,West
1992,18-09-2025,Tablet,Accessories,4,2000,East
1993,19-09-2025,Headphones,Electronics,1,2000,South
1994,20-09-2025,Laptop,Accessories,2,55000,East
1995,21-09-2025,Smartwatch,Accessories,4,5000,South
1996,22-09-2025,Laptop,Accessories,3,2000,South
1997,23-09-2025,Mobile,Accessories,4,2000,West
1998,24-09-2025,Mobile,Electronics,1,5000,North
1999,25-09-2025,Headphones,Accessories,3,55000,West
2000,26-09-2025,Tablet,Accessories,2,2000,South
