Order_Id,Order_Date,Product,Category,Quantity,Price,Region,Revenue
1001,2023-01-01,Headphones,Accessories,4,12000,North,48000
1002,2023-01-02,Smartwatch,Accessories,1,12000,West,12000
1003,2023-01-03,Tablet,Accessories,3,55000,North,165000
1004,2023-01-04,Smartwatch,Accessories,5,12000,West,60000
1005,2023-01-05,Smartwatch,Accessories,3,12000,East,36000
1006,2023-01-06,Laptop,Electronics,3,25000,West,75000
1007,2023-01-07,Tablet,Accessories,1,5000,East,5000
1008,2023-01-08,Tablet,Electronics,1,25000,North,25000
1009,2023-01-09,Tablet,Accessories,1,25000,East,25000
1010,2023-01-10,Smartwatch,Electronics,2,2000,West,4000
1011,2023-01-11,Headphones,Accessories,4,25000,South,100000
1012,2023-01-12,Tablet,Electronics,2,55000,East,110000
1013,2023-01-13,Smartwatch,Accessories,4,55000,East,220000
1014,2023-01-14,Laptop,Electronics,4,2000,North,8000
1015,2023-01-15,Headphones,Accessories,3,5000,West,15000
1016,2023-01-16,Laptop,Electronics,3,5000,East,15000
1017,2023-01-17,Headphones,Accessories,4,25000,East,100000
1018,2023-01-18,Smartwatch,Electronics,4,25000,East,100000
1019,2023-01-19,Mobile,Electronics,2,25000,East,50000
1020,2023-01-20,Headphones,Accessories,2,5000,South,10000
1021,2023-01-21,Laptop,Accessories,3,12000,West,36000
1022,2023-01-22,Smartwatch,Electronics,1,55000,North,55000
1023,2023-01-23,Headphones,Accessories,4,12000,North,48000
1024,2023-01-24,Mobile,Electronics,2,12000,South,24000
1025,2023-01-25,Mobile,Electronics,3,5000,West,15000
1026,2023-01-26,Tablet,Electronics,2,12000,East,24000
1027,2023-01-27,Tablet,Accessories,4,2000,South,8000
1028,2023-01-28,Laptop,Electronics,4,25000,West,100000
1029,2023-01-29,Headphones,Electronics,5,2000,East,10000
1030,2023-01-30,Headphones,Accessories,1,55000,South,55000
1031,2023-01-31,Tablet,Accessories,5,25000,West,125000
1032,2023-02-01,Headphones,Accessories,3,12000,North,36000
1033,2023-02-02,Headphones,Accessories,2,55000,North,110000
1034,2023-02-03,Mobile,Electronics,3,25000,West,75000
1035,2023-02-04,Tablet,Electronics,4,12000,North,48000
1036,2023-02-05,Smartwatch,Electronics,5,2000,West,10000
1037,2023-02-06,Tablet,Electronics,5,25000,East,125000
1038,2023-02-07,Smartwatch,Accessories,5,12000,West,60000
1039,2023-02-08,Mobile,Electronics,3,2000,East,6000
1040,2023-02-09,Laptop,Electronics,4,55000,South,220000
1041,2023-02-10,Headphones,Accessories,2,55000,West,110000
1042,2023-02-11,Mobile,Electronics,2,55000,South,110000
1043,2023-02-12,Headphones,Electronics,3,55000,North,165000
1044,2023-02-13,Laptop,Electronics,5,5000,East,25000
1045,2023-02-14,Laptop,Electronics,1,25000,West,25000
1046,2023-02-15,Mobile,Electronics,3,25000,South,75000
1047,2023-02-16,Laptop,Electronics,3,5000,East,15000
1048,2023-02-17,Smartwatch,Accessories,4,12000,East,48000
1049,2023-02-18,Laptop,Accessories,2,12000,North,24000
1050,2023-02-19,Headphones,Electronics,3,55000,North,165000
1051,2023-02-20,Headphones,Electronics,3,2000,East,6000
1052,2023-02-21,Headphones,Accessories,5,12000,East,60000
1053,2023-02-22,Headphones,Electronics,5,2000,West,10000
1054,2023-02-23,Smartwatch,Electronics,1,25000,East,25000
1055,2023-02-24,Tablet,Electronics,4,2000,West,8000
1056,2023-02-25,Mobile,Accessories,1,25000,East,25000
1057,2023-02-26,Headphones,Electronics,5,5000,North,25000
1058,2023-02-27,Laptop,Accessories,2,5000,West,10000
1059,2023-02-28,Headphones,Electronics,5,55000,South,275000
1060,2023-03-01,Laptop,Accessories,4,12000,North,48000
1061,2023-03-02,Laptop,Accessories,5,55000,West,275000
1062,2023-03-03,Headphones,Electronics,4,25000,West,100000
1063,2023-03-04,Smartwatch,Accessories,4,55000,South,220000
1064,2023-03-05,Laptop,Electronics,4,2000,West,8000
1065,2023-03-06,Laptop,Accessories,4,25000,East,100000
1066,2023-03-07,Headphones,Electronics,4,5000,South,20000
1067,2023-03-08,Laptop,Electronics,2,12000,North,24000
1068,2023-03-09,Laptop,Accessories,1,25000,North,25000
1069,2023-03-10,Headphones,Electronics,3,25000,East,75000
1070,2023-03-11,Headphones,Electronics,1,2000,North,2000
1071,2023-03-12,Mobile,Accessories,4,12000,West,48000
1072,2023-03-13,Smartwatch,Electronics,2,5000,West,10000
1073,2023-03-14,Smartwatch,Electronics,5,25000,East,125000
1074,2023-03-15,Laptop,Accessories,2,25000,North,50000
1075,2023-03-16,Smartwatch,Accessories,4,2000,North,8000
1076,2023-03-17,Laptop,Electronics,2,55000,East,110000
1077,2023-03-18,Mobile,Electronics,2,5000,South,10000
1078,2023-03-19,Headphones,Accessories,4,12000,North,48000
1079,2023-03-20,Headphones,Accessories,2,25000,South,50000
1080,2023-03-21,Headphones,Electronics,3,25000,North,75000
1081,2023-03-22,Smartwatch,Accessories,3,5000,North,15000
1082,2023-03-23,Mobile,Electronics,2,55000,North,110000
1083,2023-03-24,Smartwatch,Electronics,5,25000,North,125000
1084,2023-03-25,Smartwatch,Electronics,4,5000,West,20000
1085,2023-03-26,Mobile,Electronics,3,2000,South,6000
1086,2023-03-27,Mobile,Electronics,5,55000,South,275000
1087,2023-03-28,Mobile,Accessories,2,12000,North,24000
1088,2023-03-29,Mobile,Accessories,5,25000,North,125000
1089,2023-03-30,Headphones,Accessories,1,5000,South,5000
1090,2023-03-31,Tablet,Accessories,3,2000,West,6000
1091,2023-04-01,Tablet,Electronics,2,12000,East,24000
1092,2023-04-02,Mobile,Electronics,4,5000,East,20000
1093,2023-04-03,Tablet,Electronics,2,5000,South,10000
1094,2023-04-04,Tablet,Electronics,4,12000,North,48000
1095,2023-04-05,Mobile,Accessories,2,2000,North,4000
1096,2023-04-06,Tablet,Electronics,5,2000,West,10000
1097,2023-04-07,Smartwatch,Electronics,5,55000,East,275000
1098,2023-04-08,Laptop,Accessories,5,25000,West,125000
1099,2023-04-09,Laptop,Accessories,1,12000,East,12000
1100,2023-04-10,Mobile,Accessories,4,12000,South,48000
1101,2023-04-11,Headphones,Accessories,5,12000,East,60000
1102,2023-04-12,Mobile,Electronics,1,2000,West,2000
1103,2023-04-13,Headphones,Electronics,4,25000,West,100000
1104,2023-04-14,Laptop,Accessories,2,55000,West,110000
1105,2023-04-15,Mobile,Electronics,1,5000,South,5000
1106,2023-04-16,Smartwatch,Electronics,3,5000,East,15000
1107,2023-04-17,Tablet,Electronics,1,12000,East,12000
1108,2023-04-18,Headphones,Accessories,1,25000,West,25000
1109,2023-04-19,Tablet,Electronics,4,2000,East,8000
1110,2023-04-20,Tablet,Accessories,2,25000,North,50000
1111,2023-04-21,Mobile,Electronics,3,25000,North,75000
1112,2023-04-22,Tablet,Electronics,5,2000,North,10000
1113,2023-04-23,Smartwatch,Electronics,5,12000,East,60000
1114,2023-04-24,Tablet,Accessories,1,25000,South,25000
1115,2023-04-25,Mobile,Electronics,4,5000,South,20000
1116,2023-04-26,Smartwatch,Accessories,4,2000,South,8000
1117,2023-04-27,Laptop,Accessories,5,55000,South,275000
1118,2023-04-28,Tablet,Accessories,3,12000,North,36000
1119,2023-04-29,Mobile,Electronics,2,2000,North,4000
1120,2023-04-30,Laptop,Electronics,3,55000,West,165000
1121,2023-05-01,Laptop,Electronics,2,55000,East,110000
1122,2023-05-02,Headphones,Electronics,5,25000,East,125000
1123,2023-05-03,Smartwatch,Accessories,2,25000,South,50000
1124,2023-05-04,Tablet,Accessories,4,25000,North,100000
1125,2023-05-05,Mobile,Accessories,1,2000,South,2000
1126,2023-05-06,Headphones,Electronics,1,2000,West,2000
1127,2023-05-07,Smartwatch,Accessories,5,12000,East,60000
1128,2023-05-08,Headphones,Electronics,4,25000,East,100000
1129,2023-05-09,Smartwatch,Accessories,3,55000,South,165000
1130,2023-05-10,Smartwatch,Electronics,4,5000,West,20000
1131,2023-05-11,Tablet,Electronics,1,12000,East,12000
1132,2023-05-12,Smartwatch,Accessories,1,2000,West,2000
1133,2023-05-13,Headphones,Accessories,4,12000,West,48000
1134,2023-05-14,Smartwatch,Accessories,4,12000,South,48000
1135,2023-05-15,Tablet,Accessories,1,12000,North,12000
1136,2023-05-16,Tablet,Electronics,3,12000,South,36000
1137,2023-05-17,Headphones,Accessories,5,5000,North,25000
1138,2023-05-18,Laptop,Accessories,5,25000,West,125000
1139,2023-05-19,Laptop,Accessories,4,55000,North,220000
1140,2023-05-20,Smartwatch,Electronics,5,12000,West,60000
1141,2023-05-21,Mobile,Electronics,1,12000,East,12000
1142,2023-05-22,Smartwatch,Accessories,1,12000,East,12000
1143,2023-05-23,Headphones,Electronics,4,25000,East,100000
1144,2023-05-24,Headphones,Accessories,4,2000,South,8000
1145,2023-05-25,Headphones,Electronics,4,2000,South,8000
1146,2023-05-26,Headphones,Electronics,3,5000,West,15000
1147,2023-05-27,Headphones,Electronics,5,2000,East,10000
1148,2023-05-28,Tablet,Electronics,4,12000,South,48000
1149,2023-05-29,Laptop,Accessories,2,12000,East,24000
1150,2023-05-30,Headphones,Accessories,2,12000,South,24000
1151,2023-05-31,Mobile,Accessories,1,5000,North,5000
1152,2023-06-01,Mobile,Electronics,5,12000,North,60000
1153,2023-06-02,Mobile,Accessories,4,2000,East,8000
1154,2023-06-03,Mobile,Accessories,2,25000,West,50000
1155,2023-06-04,Tablet,Accessories,5,25000,South,125000
1156,2023-06-05,Mobile,Electronics,1,55000,South,55000
1157,2023-06-06,Headphones,Electronics,3,2000,North,6000
1158,2023-06-07,Smartwatch,Electronics,5,12000,North,60000
1159,2023-06-08,Mobile,Accessories,5,25000,West,125000
1160,2023-06-09,Tablet,Accessories,3,2000,West,6000
1161,2023-06-10,Tablet,Accessories,5,25000,West,125000
1162,2023-06-11,Mobile,Electronics,1,12000,East,12000
1163,2023-06-12,Smartwatch,Electronics,1,25000,North,25000
1164,2023-06-13,Mobile,Accessories,3,55000,East,165000
1165,2023-06-14,Tablet,Electronics,4,55000,North,220000
1166,2023-06-15,Laptop,Electronics,2,25000,North,50000
1167,2023-06-16,Headphones,Electronics,4,2000,South,8000
1168,2023-06-17,Tablet,Electronics,5,2000,North,10000
1169,2023-06-18,Mobile,Accessories,2,2000,North,4000
1170,2023-06-19,Headphones,Electronics,3,25000,East,75000
1171,2023-06-20,Mobile,Electronics,3,2000,North,6000
1172,2023-06-21,Mobile,Electronics,2,12000,East,24000
1173,2023-06-22,Laptop,Electronics,1,55000,West,55000
1174,2023-06-23,Headphones,Accessories,2,12000,North,24000
1175,2023-06-24,Headphones,Accessories,5,2000,North,10000
1176,2023-06-25,Laptop,Electronics,1,12000,East,12000
1177,2023-06-26,Tablet,Electronics,3,2000,West,6000
1178,2023-06-27,Mobile,Electronics,2,25000,South,50000
1179,2023-06-28,Smartwatch,Electronics,4,12000,West,48000
1180,2023-06-29,Mobile,Electronics,4,25000,East,100000
1181,2023-06-30,Mobile,Electronics,5,25000,West,125000
1182,2023-07-01,Tablet,Accessories,4,5000,East,20000
1183,2023-07-02,Mobile,Electronics,2,2000,East,4000
1184,2023-07-03,Laptop,Accessories,2,55000,South,110000
1185,2023-07-04,Laptop,Accessories,4,2000,North,8000
1186,2023-07-05,Headphones,Electronics,2,55000,East,110000
1187,2023-07-06,Smartwatch,Accessories,5,2000,East,10000
1188,2023-07-07,Mobile,Accessories,1,25000,South,25000
1189,2023-07-08,Mobile,Accessories,5,12000,East,60000
1190,2023-07-09,Tablet,Accessories,5,12000,North,60000
1191,2023-07-10,Laptop,Accessories,2,5000,South,10000
1192,2023-07-11,Smartwatch,Accessories,1,55000,North,55000
1193,2023-07-12,Headphones,Electronics,2,55000,North,110000
1194,2023-07-13,Laptop,Accessories,3,55000,South,165000
1195,2023-07-14,Headphones,Accessories,2,25000,East,50000
1196,2023-07-15,Tablet,Accessories,2,55000,North,110000
1197,2023-07-16,Tablet,Electronics,2,12000,North,24000
1198,2023-07-17,Mobile,Accessories,1,25000,North,25000
1199,2023-07-18,Smartwatch,Electronics,2,2000,North,4000
1200,2023-07-19,Headphones,Accessories,1,55000,South,55000
1201,2023-07-20,Laptop,Electronics,4,55000,South,220000
1202,2023-07-21,Tablet,Electronics,3,2000,West,6000
1203,2023-07-22,Mobile,Accessories,1,55000,West,55000
1204,2023-07-23,Mobile,Accessories,4,2000,North,8000
1205,2023-07-24,Headphones,Electronics,1,25000,East,25000
1206,2023-07-25,Tablet,Accessories,1,12000,North,12000
1207,2023-07-26,Smartwatch,Electronics,3,2000,East,6000
1208,2023-07-27,Tablet,Electronics,5,5000,North,25000
1209,2023-07-28,Headphones,Electronics,5,2000,West,10000
1210,2023-07-29,Headphones,Electronics,1,55000,West,55000
1211,2023-07-30,Tablet,Electronics,2,25000,East,50000
1212,2023-07-31,Headphones,Accessories,4,25000,North,100000
1213,2023-08-01,Tablet,Electronics,2,2000,East,4000
1214,2023-08-02,Laptop,Electronics,2,12000,West,24000
1215,2023-08-03,Tablet,Accessories,1,5000,North,5000
1216,2023-08-04,Tablet,Electronics,1,25000,North,25000
1217,2023-08-05,Headphones,Accessories,1,55000,East,55000
1218,2023-08-06,Headphones,Accessories,1,55000,South,55000
1219,2023-08-07,Mobile,Accessories,5,12000,East,60000
1220,2023-08-08,Mobile,Electronics,1,25000,West,25000
1221,2023-08-09,Laptop,Electronics,5,2000,West,10000
1222,2023-08-10,Mobile,Electronics,5,55000,West,275000
1223,2023-08-11,Tablet,Accessories,1,12000,West,12000
1224,2023-08-12,Headphones,Electronics,3,25000,West,75000
1225,2023-08-13,Mobile,Accessories,4,25000,South,100000
1226,2023-08-14,Mobile,Electronics,2,25000,North,50000
1227,2023-08-15,Laptop,Accessories,5,25000,East,125000
1228,2023-08-16,Laptop,Electronics,4,25000,East,100000
1229,2023-08-17,Tablet,Electronics,3,55000,West,165000
1230,2023-08-18,Headphones,Electronics,2,12000,East,24000
1231,2023-08-19,Laptop,Accessories,2,25000,West,50000
1232,2023-08-20,Mobile,Accessories,5,5000,South,25000
1233,2023-08-21,Headphones,Electronics,1,5000,South,5000
1234,2023-08-22,Headphones,Electronics,3,12000,North,36000
1235,2023-08-23,Mobile,Accessories,5,2000,South,10000
1236,2023-08-24,Laptop,Accessories,3,2000,South,6000
1237,2023-08-25,Mobile,Accessories,1,2000,North,2000
1238,2023-08-26,Headphones,Electronics,1,5000,East,5000
1239,2023-08-27,Smartwatch,Accessories,5,2000,West,10000
1240,2023-08-28,Smartwatch,Electronics,1,55000,West,55000
1241,2023-08-29,Tablet,Accessories,4,25000,East,100000
1242,2023-08-30,Mobile,Electronics,2,5000,North,10000
1243,2023-08-31,Mobile,Accessories,5,12000,East,60000
1244,2023-09-01,Tablet,Accessories,3,12000,South,36000
1245,2023-09-02,Tablet,Accessories,4,25000,North,100000
1246,2023-09-03,Tablet,Accessories,5,5000,North,25000
1247,2023-09-04,Headphones,Accessories,1,2000,North,2000
1248,2023-09-05,Mobile,Electronics,1,2000,West,2000
1249,2023-09-06,Headphones,Accessories,1,55000,East,55000
1250,2023-09-07,Tablet,Accessories,1,55000,North,55000
1251,2023-09-08,Mobile,Accessories,3,2000,North,6000
1252,2023-09-09,Headphones,Electronics,4,12000,North,48000
1253,2023-09-10,Headphones,Accessories,2,12000,East,24000
1254,2023-09-11,Tablet,Electronics,3,55000,West,165000
1255,2023-09-12,Mobile,Accessories,3,25000,South,75000
1256,2023-09-13,Tablet,Accessories,2,2000,West,4000
1257,2023-09-14,Mobile,Electronics,2,55000,North,110000
1258,2023-09-15,Smartwatch,Accessories,1,55000,West,55000
1259,2023-09-16,Laptop,Electronics,3,2000,West,6000
1260,2023-09-17,Laptop,Electronics,5,2000,South,10000
1261,2023-09-18,Laptop,Accessories,2,12000,East,24000
1262,2023-09-19,Tablet,Electronics,2,25000,East,50000
1263,2023-09-20,Smartwatch,Accessories,4,25000,West,100000
1264,2023-09-21,Mobile,Accessories,5,2000,West,10000
1265,2023-09-22,Headphones,Electronics,5,5000,East,25000
1266,2023-09-23,Mobile,Electronics,2,55000,East,110000
1267,2023-09-24,Headphones,Electronics,1,55000,South,55000
1268,2023-09-25,Mobile,Electronics,4,2000,North,8000
1269,2023-09-26,Smartwatch,Accessories,5,5000,West,25000
1270,2023-09-27,Headphones,Accessories,2,12000,East,24000
1271,2023-09-28,Tablet,Electronics,5,2000,West,10000
1272,2023-09-29,Mobile,Accessories,4,2000,West,8000
1273,2023-09-30,Mobile,Accessories,4,55000,East,220000
1274,2023-10-01,Headphones,Accessories,3,2000,South,6000
1275,2023-10-02,Tablet,Accessories,2,2000,West,4000
1276,2023-10-03,Tablet,Electronics,4,2000,South,8000
1277,2023-10-04,Smartwatch,Electronics,3,55000,East,165000
1278,2023-10-05,Tablet,Accessories,3,12000,North,36000
1279,2023-10-06,Tablet,Electronics,5,12000,North,60000
1280,2023-10-07,Tablet,Electronics,5,2000,West,10000
1281,2023-10-08,Laptop,Electronics,3,55000,East,165000
1282,2023-10-09,Smartwatch,Accessories,5,12000,South,60000
1283,2023-10-10,Mobile,Accessories,4,12000,West,48000
1284,2023-10-11,Headphones,Accessories,1,12000,East,12000
1285,2023-10-12,Mobile,Electronics,4,55000,East,220000
1286,2023-10-13,Smartwatch,Accessories,3,55000,South,165000
1287,2023-10-14,Headphones,Accessories,3,2000,West,6000
1288,2023-10-15,Smartwatch,Electronics,4,25000,East,100000
1289,2023-10-16,Tablet,Accessories,5,12000,East,60000
1290,2023-10-17,Headphones,Accessories,5,25000,East,125000
1291,2023-10-18,Tablet,Electronics,3,55000,South,165000
1292,2023-10-19,Mobile,Electronics,2,55000,West,110000
1293,2023-10-20,Mobile,Electronics,5,55000,West,275000
1294,2023-10-21,Headphones,Accessories,4,25000,West,100000
1295,2023-10-22,Headphones,Accessories,5,55000,West,275000
1296,2023-10-23,Smartwatch,Accessories,4,2000,North,8000
1297,2023-10-24,Smartwatch,Electronics,3,55000,North,165000
1298,2023-10-25,Tablet,Electronics,5,5000,West,25000
1299,2023-10-26,Headphones,Accessories,4,25000,South,100000
1300,2023-10-27,Mobile,Accessories,3,5000,North,15000
1301,2023-10-28,Smartwatch,Electronics,2,55000,East,110000
1302,2023-10-29,Smartwatch,Electronics,4,2000,North,8000
1303,2023-10-30,Mobile,Electronics,2,12000,East,24000
1304,2023-10-31,Smartwatch,Electronics,2,55000,West,110000
1305,2023-11-01,Tablet,Accessories,1,2000,North,2000
1306,2023-11-02,Headphones,Electronics,5,25000,South,125000
1307,2023-11-03,Mobile,Accessories,4,5000,North,20000
1308,2023-11-04,Headphones,Accessories,2,5000,North,10000
1309,2023-11-05,Smartwatch,Accessories,1,5000,North,5000
1310,2023-11-06,Smartwatch,Electronics,3,25000,West,75000
1311,2023-11-07,Mobile,Electronics,4,2000,South,8000
1312,2023-11-08,Tablet,Electronics,2,25000,North,50000
1313,2023-11-09,Laptop,Electronics,5,5000,South,25000
1314,2023-11-10,Mobile,Accessories,1,55000,West,55000
1315,2023-11-11,Laptop,Electronics,2,12000,East,24000
1316,2023-11-12,Laptop,Electronics,5,25000,North,125000
1317,2023-11-13,Tablet,Accessories,2,25000,South,50000
1318,2023-11-14,Laptop,Electronics,4,2000,South,8000
1319,2023-11-15,Laptop,Accessories,4,2000,West,8000
1320,2023-11-16,Tablet,Accessories,4,25000,North,100000
1321,2023-11-17,Laptop,Accessories,1,5000,East,5000
1322,2023-11-18,Laptop,Accessories,4,12000,South,48000
1323,2023-11-19,Laptop,Accessories,5,2000,North,10000
1324,2023-11-20,Mobile,Accessories,2,5000,East,10000
1325,2023-11-21,Mobile,Accessories,3,55000,South,165000
1326,2023-11-22,Mobile,Accessories,5,2000,South,10000
1327,2023-11-23,Tablet,Electronics,5,5000,East,25000
1328,2023-11-24,Smartwatch,Electronics,4,5000,East,20000
1329,2023-11-25,Laptop,Electronics,1,12000,West,12000
1330,2023-11-26,Laptop,Electronics,2,12000,North,24000
1331,2023-11-27,Tablet,Accessories,1,55000,North,55000
1332,2023-11-28,Laptop,Electronics,2,5000,West,10000
1333,2023-11-29,Mobile,Accessories,2,5000,South,10000
1334,2023-11-30,Smartwatch,Electronics,1,12000,East,12000
1335,2023-12-01,Headphones,Electronics,5,2000,East,10000
1336,2023-12-02,Laptop,Electronics,2,2000,East,4000
1337,2023-12-03,Mobile,Accessories,1,25000,South,25000
1338,2023-12-04,Headphones,Electronics,2,12000,East,24000
1339,2023-12-05,Smartwatch,Accessories,3,25000,East,75000
1340,2023-12-06,Headphones,Accessories,5,12000,West,60000
1341,2023-12-07,Mobile,Electronics,4,55000,South,220000
1342,2023-12-08,Headphones,Electronics,2,5000,North,10000
1343,2023-12-09,Tablet,Electronics,3,55000,West,165000
1344,2023-12-10,Headphones,Accessories,4,12000,West,48000
1345,2023-12-11,Laptop,Electronics,4,5000,North,20000
1346,2023-12-12,Laptop,Accessories,2,2000,West,4000
1347,2023-12-13,Tablet,Accessories,1,2000,South,2000
1348,2023-12-14,Mobile,Electronics,2,25000,East,50000
1349,2023-12-15,Laptop,Electronics,3,12000,South,36000
1350,2023-12-16,Smartwatch,Accessories,4,12000,North,48000
1351,2023-12-17,Laptop,Accessories,2,2000,North,4000
1352,2023-12-18,Laptop,Accessories,1,55000,West,55000
1353,2023-12-19,Mobile,Electronics,2,5000,South,10000
1354,2023-12-20,Headphones,Accessories,5,55000,South,275000
1355,2023-12-21,Laptop,Electronics,1,55000,North,55000
1356,2023-12-22,Tablet,Accessories,3,2000,South,6000
1357,2023-12-23,Headphones,Accessories,4,2000,North,8000
1358,2023-12-24,Smartwatch,Electronics,2,2000,South,4000
1359,2023-12-25,Mobile,Accessories,1,25000,South,25000
1360,2023-12-26,Smartwatch,Electronics,5,55000,South,275000
1361,2023-12-27,Headphones,Electronics,1,12000,North,12000
1362,2023-12-28,Headphones,Accessories,5,5000,West,25000
1363,2023-12-29,Headphones,Electronics,3,25000,South,75000
1364,2023-12-30,Smartwatch,Electronics,4,12000,North,48000
1365,2023-12-31,Headphones,Accessories,3,55000,North,165000
1366,2024-01-01,Smartwatch,Electronics,2,2000,South,4000
1367,2024-01-02,Headphones,Electronics,1,55000,South,55000
1368,2024-01-03,Tablet,Electronics,5,5000,West,25000
1369,2024-01-04,Headphones,Accessories,5,25000,North,125000
1370,2024-01-05,Smartwatch,Electronics,1,25000,North,25000
1371,2024-01-06,Laptop,Accessories,1,5000,East,5000
1372,2024-01-07,Headphones,Accessories,2,12000,North,24000
1373,2024-01-08,Laptop,Electronics,3,12000,West,36000
1374,2024-01-09,Tablet,Electronics,5,25000,East,125000
1375,2024-01-10,Mobile,Electronics,2,25000,East,50000
1376,2024-01-11,Tablet,Accessories,3,2000,East,6000
1377,2024-01-12,Headphones,Electronics,2,12000,South,24000
1378,2024-01-13,Laptop,Electronics,5,5000,South,25000
1379,2024-01-14,Laptop,Electronics,1,12000,North,12000
1380,2024-01-15,Smartwatch,Electronics,1,2000,East,2000
1381,2024-01-16,Laptop,Electronics,3,25000,West,75000
1382,2024-01-17,Smartwatch,Accessories,4,25000,South,100000
1383,2024-01-18,Mobile,Accessories,3,2000,West,6000
1384,2024-01-19,Headphones,Electronics,4,5000,West,20000
1385,2024-01-20,Smartwatch,Electronics,2,25000,South,50000
1386,2024-01-21,Mobile,Electronics,2,55000,South,110000
1387,2024-01-22,Laptop,Electronics,5,25000,South,125000
1388,2024-01-23,Laptop,Accessories,4,55000,South,220000
1389,2024-01-24,Mobile,Electronics,5,2000,East,10000
1390,2024-01-25,Laptop,Accessories,1,2000,East,2000
1391,2024-01-26,Mobile,Accessories,4,25000,East,100000
1392,2024-01-27,Smartwatch,Electronics,3,12000,East,36000
1393,2024-01-28,Smartwatch,Accessories,1,55000,North,55000
1394,2024-01-29,Mobile,Accessories,1,5000,East,5000
1395,2024-01-30,Smartwatch,Accessories,3,25000,South,75000
1396,2024-01-31,Smartwatch,Accessories,1,5000,West,5000
1397,2024-02-01,Smartwatch,Electronics,4,25000,East,100000
1398,2024-02-02,Tablet,Electronics,5,12000,North,60000
1399,2024-02-03,Headphones,Accessories,1,12000,South,12000
1400,2024-02-04,Laptop,Electronics,4,12000,West,48000
1401,2024-02-05,Tablet,Electronics,2,12000,West,24000
1402,2024-02-06,Smartwatch,Electronics,4,2000,East,8000
1403,2024-02-07,Mobile,Electronics,5,2000,West,10000
1404,2024-02-08,Smartwatch,Electronics,4,55000,East,220000
1405,2024-02-09,Headphones,Accessories,3,5000,East,15000
1406,2024-02-10,Smartwatch,Electronics,5,25000,South,125000
1407,2024-02-11,Mobile,Electronics,2,25000,South,50000
1408,2024-02-12,Headphones,Electronics,3,2000,North,6000
1409,2024-02-13,Smartwatch,Electronics,4,25000,South,100000
1410,2024-02-14,Headphones,Accessories,5,2000,South,10000
1411,2024-02-15,Laptop,Accessories,2,55000,East,110000
1412,2024-02-16,Laptop,Accessories,3,5000,South,15000
1413,2024-02-17,Smartwatch,Accessories,2,55000,East,110000
1414,2024-02-18,Headphones,Electronics,4,12000,East,48000
1415,2024-02-19,Mobile,Accessories,2,12000,South,24000
1416,2024-02-20,Smartwatch,Electronics,1,12000,North,12000
1417,2024-02-21,Laptop,Electronics,3,55000,North,165000
1418,2024-02-22,Laptop,Electronics,2,25000,West,50000
1419,2024-02-23,Smartwatch,Electronics,4,5000,West,20000
1420,2024-02-24,Headphones,Electronics,4,12000,South,48000
1421,2024-02-25,Laptop,Accessories,2,12000,North,24000
1422,2024-02-26,Headphones,Accessories,4,12000,East,48000
1423,2024-02-27,Laptop,Accessories,5,5000,West,25000
1424,2024-02-28,Laptop,Accessories,5,12000,East,60000
1425,2024-02-29,Tablet,Electronics,5,5000,West,25000
1426,2024-03-01,Laptop,Accessories,1,12000,South,12000
1427,2024-03-02,Mobile,Electronics,2,55000,North,110000
1428,2024-03-03,Smartwatch,Accessories,1,55000,West,55000
1429,2024-03-04,Smartwatch,Electronics,4,5000,North,20000
1430,2024-03-05,Headphones,Electronics,1,55000,East,55000
1431,2024-03-06,Laptop,Accessories,4,5000,South,20000
1432,2024-03-07,Mobile,Electronics,4,55000,North,220000
1433,2024-03-08,Headphones,Electronics,3,55000,South,165000
1434,2024-03-09,Tablet,Accessories,5,5000,North,25000
1435,2024-03-10,Headphones,Electronics,4,25000,East,100000
1436,2024-03-11,Headphones,Accessories,3,55000,East,165000
1437,2024-03-12,Laptop,Accessories,5,12000,South,60000
1438,2024-03-13,Tablet,Accessories,4,25000,East,100000
1439,2024-03-14,Headphones,Electronics,4,5000,West,20000
1440,2024-03-15,Mobile,Electronics,1,25000,North,25000
1441,2024-03-16,Mobile,Electronics,1,2000,East,2000
1442,2024-03-17,Smartwatch,Accessories,5,2000,West,10000
1443,2024-03-18,Tablet,Electronics,4,55000,South,220000
1444,2024-03-19,Tablet,Accessories,2,55000,West,110000
1445,2024-03-20,Smartwatch,Accessories,1,12000,South,12000
1446,2024-03-21,Headphones,Electronics,5,25000,South,125000
1447,2024-03-22,Tablet,Accessories,4,2000,North,8000
1448,2024-03-23,Mobile,Electronics,4,55000,North,220000
1449,2024-03-24,Mobile,Electronics,2,25000,West,50000
1450,2024-03-25,Laptop,Electronics,5,55000,North,275000
1451,2024-03-26,Tablet,Electronics,4,55000,North,220000
1452,2024-03-27,Headphones,Electronics,1,2000,North,2000
1453,2024-03-28,Smartwatch,Accessories,2,2000,West,4000
1454,2024-03-29,Smartwatch,Accessories,5,55000,East,275000
1455,2024-03-30,Headphones,Accessories,2,5000,North,10000
1456,2024-03-31,Laptop,Electronics,1,55000,North,55000
1457,2024-04-01,Smartwatch,Electronics,5,55000,West,275000
1458,2024-04-02,Tablet,Electronics,2,12000,East,24000
1459,2024-04-03,Laptop,Accessories,3,12000,North,36000
1460,2024-04-04,Tablet,Electronics,1,12000,South,12000
1461,2024-04-05,Mobile,Accessories,1,5000,West,5000
1462,2024-04-06,Laptop,Accessories,1,5000,North,5000
1463,2024-04-07,Smartwatch,Electronics,3,55000,North,165000
1464,2024-04-08,Laptop,Electronics,3,12000,South,36000
1465,2024-04-09,Laptop,Accessories,4,5000,South,20000
1466,2024-04-10,Laptop,Electronics,2,2000,West,4000
1467,2024-04-11,Laptop,Accessories,4,55000,West,220000
1468,2024-04-12,Tablet,Electronics,2,25000,South,50000
1469,2024-04-13,Mobile,Electronics,3,55000,West,165000
1470,2024-04-14,Headphones,Accessories,3,25000,South,75000
1471,2024-04-15,Laptop,Electronics,4,12000,North,48000
1472,2024-04-16,Smartwatch,Accessories,5,25000,South,125000
1473,2024-04-17,Laptop,Electronics,4,12000,South,48000
1474,2024-04-18,Smartwatch,Accessories,2,2000,East,4000
1475,2024-04-19,Tablet,Accessories,4,25000,South,100000
1476,2024-04-20,Smartwatch,Electronics,1,55000,South,55000
1477,2024-04-21,Headphones,Accessories,2,12000,East,24000
1478,2024-04-22,Mobile,Electronics,2,55000,West,110000
1479,2024-04-23,Smartwatch,Electronics,5,5000,East,25000
1480,2024-04-24,Smartwatch,Electronics,3,12000,North,36000
1481,2024-04-25,Mobile,Accessories,2,25000,East,50000
1482,2024-04-26,Headphones,Accessories,3,12000,North,36000
1483,2024-04-27,Laptop,Electronics,4,55000,West,220000
1484,2024-04-28,Smartwatch,Electronics,1,2000,East,2000
1485,2024-04-29,Mobile,Accessories,5,12000,East,60000
1486,2024-04-30,Tablet,Electronics,3,25000,West,75000
1487,2024-05-01,Mobile,Electronics,2,5000,North,10000
1488,2024-05-02,Tablet,Accessories,3,2000,East,6000
1489,2024-05-03,Headphones,Electronics,2,5000,North,10000
1490,2024-05-04,Laptop,Accessories,3,12000,East,36000
1491,2024-05-05,Mobile,Electronics,2,55000,South,110000
1492,2024-05-06,Smartwatch,Accessories,4,55000,East,220000
1493,2024-05-07,Headphones,Electronics,2,25000,West,50000
1494,2024-05-08,Mobile,Electronics,2,55000,West,110000
1495,2024-05-09,Smartwatch,Accessories,1,2000,North,2000
1496,2024-05-10,Mobile,Electronics,2,55000,East,110000
1497,2024-05-11,Tablet,Accessories,1,25000,North,25000
1498,2024-05-12,Mobile,Electronics,5,12000,North,60000
1499,2024-05-13,Mobile,Accessories,1,12000,South,12000
1500,2024-05-14,Mobile,Accessories,4,55000,South,220000
1501,2024-05-15,Headphones,Accessories,1,5000,West,5000
1502,2024-05-16,Mobile,Accessories,5,12000,North,60000
1503,2024-05-17,Smartwatch,Electronics,4,55000,West,220000
1504,2024-05-18,Tablet,Electronics,3,25000,East,75000
1505,2024-05-19,Tablet,Accessories,3,55000,North,165000
1506,2024-05-20,Mobile,Accessories,1,12000,North,12000
1507,2024-05-21,Headphones,Accessories,1,25000,East,25000
1508,2024-05-22,Headphones,Electronics,5,55000,East,275000
1509,2024-05-23,Smartwatch,Electronics,5,2000,West,10000
1510,2024-05-24,Mobile,Electronics,2,25000,West,50000
1511,2024-05-25,Tablet,Electronics,5,2000,East,10000
1512,2024-05-26,Headphones,Accessories,2,5000,West,10000
1513,2024-05-27,Mobile,Accessories,4,25000,East,100000
1514,2024-05-28,Headphones,Accessories,1,2000,North,2000
1515,2024-05-29,Headphones,Electronics,4,12000,North,48000
1516,2024-05-30,Tablet,Electronics,5,12000,South,60000
1517,2024-05-31,Laptop,Electronics,4,5000,North,20000
1518,2024-06-01,Smartwatch,Accessories,4,25000,East,100000
1519,2024-06-02,Smartwatch,Accessories,4,25000,West,100000
1520,2024-06-03,Tablet,Electronics,5,25000,South,125000
1521,2024-06-04,Headphones,Accessories,4,5000,West,20000
1522,2024-06-05,Mobile,Electronics,2,25000,East,50000
1523,2024-06-06,Headphones,Electronics,5,12000,North,60000
1524,2024-06-07,Tablet,Accessories,4,2000,South,8000
1525,2024-06-08,Smartwatch,Electronics,5,12000,East,60000
1526,2024-06-09,Headphones,Accessories,3,12000,South,36000
1527,2024-06-10,Smartwatch,Electronics,2,2000,South,4000
1528,2024-06-11,Mobile,Accessories,4,12000,North,48000
1529,2024-06-12,Smartwatch,Accessories,3,5000,East,15000
1530,2024-06-13,Smartwatch,Accessories,3,2000,West,6000
1531,2024-06-14,Laptop,Electronics,5,12000,South,60000
1532,2024-06-15,Laptop,Electronics,3,55000,South,165000
1533,2024-06-16,Laptop,Accessories,2,12000,West,24000
1534,2024-06-17,Smartwatch,Accessories,2,5000,East,10000
1535,2024-06-18,Tablet,Electronics,1,25000,South,25000
1536,2024-06-19,Smartwatch,Electronics,2,12000,South,24000
1537,2024-06-20,Tablet,Electronics,3,25000,South,75000
1538,2024-06-21,Tablet,Accessories,2,55000,East,110000
1539,2024-06-22,Laptop,Electronics,5,12000,East,60000
1540,2024-06-23,Headphones,Electronics,1,2000,West,2000
1541,2024-06-24,Mobile,Accessories,3,25000,East,75000
1542,2024-06-25,Laptop,Electronics,1,55000,East,55000
1543,2024-06-26,Laptop,Electronics,3,2000,North,6000
1544,2024-06-27,Headphones,Electronics,5,2000,West,10000
1545,2024-06-28,Mobile,Accessories,1,2000,South,2000
1546,2024-06-29,Smartwatch,Accessories,4,2000,East,8000
1547,2024-06-30,Smartwatch,Accessories,3,12000,South,36000
1548,2024-07-01,Laptop,Accessories,4,12000,South,48000
1549,2024-07-02,Mobile,Accessories,1,12000,North,12000
1550,2024-07-03,Laptop,Accessories,4,55000,East,220000
1551,2024-07-04,Tablet,Accessories,4,55000,West,220000
1552,2024-07-05,Laptop,Electronics,1,55000,East,55000
1553,2024-07-06,Laptop,Electronics,5,5000,South,25000
1554,2024-07-07,Smartwatch,Accessories,4,55000,West,220000
1555,2024-07-08,Smartwatch,Electronics,4,12000,East,48000
1556,2024-07-09,Smartwatch,Electronics,5,12000,South,60000
1557,2024-07-10,Tablet,Accessories,4,5000,South,20000
1558,2024-07-11,Smartwatch,Electronics,4,5000,North,20000
1559,2024-07-12,Mobile,Electronics,4,55000,North,220000
1560,2024-07-13,Headphones,Electronics,2,25000,North,50000
1561,2024-07-14,Mobile,Electronics,5,5000,South,25000
1562,2024-07-15,Mobile,Electronics,4,2000,East,8000
1563,2024-07-16,Smartwatch,Accessories,5,12000,North,60000
1564,2024-07-17,Headphones,Accessories,3,2000,East,6000
1565,2024-07-18,Headphones,Accessories,3,12000,North,36000
1566,2024-07-19,Headphones,Electronics,4,12000,West,48000
1567,2024-07-20,Tablet,Accessories,5,5000,West,25000
1568,2024-07-21,Smartwatch,Electronics,5,5000,North,25000
1569,2024-07-22,Headphones,Electronics,5,2000,South,10000
1570,2024-07-23,Tablet,Electronics,2,12000,North,24000
1571,2024-07-24,Laptop,Electronics,3,2000,North,6000
1572,2024-07-25,Laptop,Accessories,5,25000,South,125000
1573,2024-07-26,Tablet,Accessories,5,2000,West,10000
1574,2024-07-27,Tablet,Electronics,2,55000,East,110000
1575,2024-07-28,Smartwatch,Accessories,2,2000,North,4000
1576,2024-07-29,Smartwatch,Electronics,5,55000,South,275000
1577,2024-07-30,Laptop,Accessories,1,55000,North,55000
1578,2024-07-31,Headphones,Accessories,5,55000,South,275000
1579,2024-08-01,Laptop,Electronics,5,25000,East,125000
1580,2024-08-02,Headphones,Accessories,2,2000,East,4000
1581,2024-08-03,Headphones,Electronics,2,2000,West,4000
1582,2024-08-04,Smartwatch,Accessories,5,25000,South,125000
1583,2024-08-05,Mobile,Electronics,5,12000,South,60000
1584,2024-08-06,Mobile,Electronics,5,5000,West,25000
1585,2024-08-07,Tablet,Accessories,2,2000,West,4000
1586,2024-08-08,Smartwatch,Accessories,5,5000,South,25000
1587,2024-08-09,Headphones,Electronics,5,25000,West,125000
1588,2024-08-10,Mobile,Accessories,4,12000,East,48000
1589,2024-08-11,Headphones,Accessories,1,12000,North,12000
1590,2024-08-12,Mobile,Electronics,3,12000,East,36000
1591,2024-08-13,Mobile,Electronics,1,25000,West,25000
1592,2024-08-14,Mobile,Accessories,4,55000,South,220000
1593,2024-08-15,Smartwatch,Electronics,3,55000,South,165000
1594,2024-08-16,Laptop,Electronics,5,5000,East,25000
1595,2024-08-17,Headphones,Electronics,4,55000,South,220000
1596,2024-08-18,Smartwatch,Accessories,5,55000,West,275000
1597,2024-08-19,Smartwatch,Accessories,2,12000,East,24000
1598,2024-08-20,Smartwatch,Electronics,4,12000,South,48000
1599,2024-08-21,Smartwatch,Accessories,2,5000,North,10000
1600,2024-08-22,Smartwatch,Electronics,4,2000,North,8000
1601,2024-08-23,Tablet,Accessories,4,5000,West,20000
1602,2024-08-24,Headphones,Electronics,2,5000,South,10000
1603,2024-08-25,Smartwatch,Electronics,3,25000,West,75000
1604,2024-08-26,Headphones,Accessories,1,25000,East,25000
1605,2024-08-27,Tablet,Electronics,5,5000,North,25000
1606,2024-08-28,Tablet,Accessories,4,5000,East,20000
1607,2024-08-29,Headphones,Accessories,5,5000,South,25000
1608,2024-08-30,Mobile,Electronics,2,55000,West,110000
1609,2024-08-31,Laptop,Electronics,5,25000,West,125000
1610,2024-09-01,Mobile,Accessories,2,5000,West,10000
1611,2024-09-02,Mobile,Electronics,5,12000,East,60000
1612,2024-09-03,Mobile,Electronics,1,12000,North,12000
1613,2024-09-04,Smartwatch,Electronics,1,55000,East,55000
1614,2024-09-05,Tablet,Electronics,1,55000,East,55000
1615,2024-09-06,Mobile,Electronics,1,2000,South,2000
1616,2024-09-07,Tablet,Accessories,1,2000,South,2000
1617,2024-09-08,Headphones,Accessories,1,2000,South,2000
1618,2024-09-09,Laptop,Electronics,2,55000,North,110000
1619,2024-09-10,Headphones,Electronics,4,55000,North,220000
1620,2024-09-11,Headphones,Electronics,5,55000,South,275000
1621,2024-09-12,Smartwatch,Accessories,1,12000,South,12000
1622,2024-09-13,Laptop,Electronics,2,55000,North,110000
1623,2024-09-14,Headphones,Accessories,2,12000,West,24000
1624,2024-09-15,Headphones,Accessories,2,2000,North,4000
1625,2024-09-16,Laptop,Accessories,4,2000,North,8000
1626,2024-09-17,Laptop,Electronics,5,2000,North,10000
1627,2024-09-18,Headphones,Accessories,4,5000,South,20000
1628,2024-09-19,Laptop,Electronics,3,5000,West,15000
1629,2024-09-20,Headphones,Accessories,2,25000,North,50000
1630,2024-09-21,Headphones,Electronics,3,25000,South,75000
1631,2024-09-22,Smartwatch,Accessories,1,25000,East,25000
1632,2024-09-23,Mobile,Electronics,1,5000,East,5000
1633,2024-09-24,Headphones,Accessories,4,5000,North,20000
1634,2024-09-25,Tablet,Electronics,5,25000,East,125000
1635,2024-09-26,Mobile,Electronics,3,25000,West,75000
1636,2024-09-27,Mobile,Electronics,5,55000,East,275000
1637,2024-09-28,Mobile,Electronics,4,25000,East,100000
1638,2024-09-29,Smartwatch,Accessories,1,55000,West,55000
1639,2024-09-30,Headphones,Accessories,5,12000,North,60000
1640,2024-10-01,Smartwatch,Electronics,5,5000,North,25000
1641,2024-10-02,Headphones,Accessories,1,25000,West,25000
1642,2024-10-03,Smartwatch,Electronics,3,5000,West,15000
1643,2024-10-04,Smartwatch,Electronics,1,5000,West,5000
1644,2024-10-05,Tablet,Accessories,5,5000,East,25000
1645,2024-10-06,Smartwatch,Electronics,3,12000,West,36000
1646,2024-10-07,Laptop,Electronics,3,2000,South,6000
1647,2024-10-08,Tablet,Accessories,1,25000,East,25000
1648,2024-10-09,Smartwatch,Electronics,5,2000,North,10000
1649,2024-10-10,Mobile,Electronics,4,2000,North,8000
1650,2024-10-11,Laptop,Electronics,5,2000,North,10000
1651,2024-10-12,Laptop,Electronics,2,5000,East,10000
1652,2024-10-13,Laptop,Accessories,4,55000,South,220000
1653,2024-10-14,Tablet,Accessories,3,5000,West,15000
1654,2024-10-15,Smartwatch,Accessories,4,5000,West,20000
1655,2024-10-16,Smartwatch,Electronics,3,2000,North,6000
1656,2024-10-17,Mobile,Electronics,3,5000,North,15000
1657,2024-10-18,Mobile,Accessories,4,2000,East,8000
1658,2024-10-19,Laptop,Electronics,3,55000,South,165000
1659,2024-10-20,Mobile,Electronics,3,25000,West,75000
1660,2024-10-21,Tablet,Electronics,2,2000,East,4000
1661,2024-10-22,Smartwatch,Electronics,5,55000,West,275000
1662,2024-10-23,Laptop,Accessories,5,25000,North,125000
1663,2024-10-24,Mobile,Accessories,2,12000,West,24000
1664,2024-10-25,Tablet,Accessories,4,2000,South,8000
1665,2024-10-26,Tablet,Electronics,1,2000,South,2000
1666,2024-10-27,Mobile,Accessories,1,12000,North,12000
1667,2024-10-28,Smartwatch,Accessories,1,12000,South,12000
1668,2024-10-29,Mobile,Electronics,2,2000,South,4000
1669,2024-10-30,Laptop,Electronics,2,12000,East,24000
1670,2024-10-31,Mobile,Accessories,3,5000,West,15000
1671,2024-11-01,Tablet,Accessories,1,25000,North,25000
1672,2024-11-02,Mobile,Accessories,4,25000,North,100000
1673,2024-11-03,Smartwatch,Accessories,4,25000,North,100000
1674,2024-11-04,Headphones,Electronics,1,5000,North,5000
1675,2024-11-05,Mobile,Accessories,1,12000,North,12000
1676,2024-11-06,Smartwatch,Accessories,1,55000,South,55000
1677,2024-11-07,Smartwatch,Electronics,2,12000,East,24000
1678,2024-11-08,Tablet,Accessories,2,2000,North,4000
1679,2024-11-09,Smartwatch,Electronics,2,25000,East,50000
1680,2024-11-10,Smartwatch,Electronics,5,12000,East,60000
1681,2024-11-11,Smartwatch,Electronics,4,55000,South,220000
1682,2024-11-12,Smartwatch,Accessories,4,2000,North,8000
1683,2024-11-13,Laptop,Accessories,3,5000,South,15000
1684,2024-11-14,Laptop,Electronics,2,5000,North,10000
1685,2024-11-15,Tablet,Accessories,5,55000,South,275000
1686,2024-11-16,Mobile,Accessories,5,2000,East,10000
1687,2024-11-17,Smartwatch,Electronics,4,25000,North,100000
1688,2024-11-18,Mobile,Electronics,2,12000,West,24000
1689,2024-11-19,Mobile,Accessories,3,2000,East,6000
1690,2024-11-20,Tablet,Electronics,2,5000,West,10000
1691,2024-11-21,Smartwatch,Accessories,1,55000,East,55000
1692,2024-11-22,Smartwatch,Accessories,2,55000,South,110000
1693,2024-11-23,Headphones,Accessories,1,12000,North,12000
1694,2024-11-24,Mobile,Accessories,1,55000,East,55000
1695,2024-11-25,Mobile,Electronics,3,55000,South,165000
1696,2024-11-26,Laptop,Electronics,4,2000,North,8000
1697,2024-11-27,Headphones,Electronics,2,25000,North,50000
1698,2024-11-28,Laptop,Electronics,1,12000,East,12000
1699,2024-11-29,Laptop,Accessories,2,2000,North,4000
1700,2024-11-30,Laptop,Accessories,4,25000,East,100000
1701,2024-12-01,Tablet,Electronics,4,2000,North,8000
1702,2024-12-02,Tablet,Accessories,5,2000,West,10000
1703,2024-12-03,Laptop,Accessories,4,55000,South,220000
1704,2024-12-04,Headphones,Accessories,3,25000,West,75000
1705,2024-12-05,Mobile,Electronics,1,12000,East,12000
1706,2024-12-06,Headphones,Electronics,5,12000,West,60000
1707,2024-12-07,Smartwatch,Electronics,3,25000,East,75000
1708,2024-12-08,Tablet,Accessories,2,55000,North,110000
1709,2024-12-09,Mobile,Electronics,1,5000,North,5000
1710,2024-12-10,Mobile,Electronics,4,2000,East,8000
1711,2024-12-11,Smartwatch,Electronics,1,55000,West,55000
1712,2024-12-12,Smartwatch,Electronics,2,25000,North,50000
1713,2024-12-13,Laptop,Electronics,5,2000,South,10000
1714,2024-12-14,Tablet,Electronics,5,12000,North,60000
1715,2024-12-15,Tablet,Accessories,5,5000,South,25000
1716,2024-12-16,Headphones,Accessories,4,12000,West,48000
1717,2024-12-17,Laptop,Electronics,3,25000,South,75000
1718,2024-12-18,Laptop,Electronics,3,2000,South,6000
1719,2024-12-19,Laptop,Accessories,1,25000,South,25000
1720,2024-12-20,Laptop,Accessories,4,2000,South,8000
1721,2024-12-21,Tablet,Electronics,5,55000,North,275000
1722,2024-12-22,Tablet,Electronics,5,5000,South,25000
1723,2024-12-23,Laptop,Electronics,2,55000,North,110000
1724,2024-12-24,Headphones,Electronics,2,55000,South,110000
1725,2024-12-25,Mobile,Accessories,5,25000,East,125000
1726,2024-12-26,Mobile,Electronics,5,5000,West,25000
1727,2024-12-27,Headphones,Electronics,4,2000,South,8000
1728,2024-12-28,Laptop,Electronics,3,2000,East,6000
1729,2024-12-29,Tablet,Electronics,2,12000,South,24000
1730,2024-12-30,Mobile,Accessories,3,2000,South,6000
1731,2024-12-31,Smartwatch,Accessories,4,25000,South,100000
1732,2025-01-01,Smartwatch,Accessories,5,55000,East,275000
1733,2025-01-02,Headphones,Electronics,3,55000,West,165000
1734,2025-01-03,Laptop,Electronics,5,55000,East,275000
1735,2025-01-04,Mobile,Accessories,5,5000,West,25000
1736,2025-01-05,Laptop,Electronics,1,2000,South,2000
1737,2025-01-06,Mobile,Electronics,3,25000,North,75000
1738,2025-01-07,Headphones,Accessories,3,5000,South,15000
1739,2025-01-08,Headphones,Accessories,5,12000,West,60000
1740,2025-01-09,Smartwatch,Accessories,4,25000,East,100000
1741,2025-01-10,Laptop,Accessories,1,25000,South,25000
1742,2025-01-11,Smartwatch,Electronics,5,25000,East,125000
1743,2025-01-12,Laptop,Electronics,2,55000,East,110000
1744,2025-01-13,Smartwatch,Accessories,2,25000,East,50000
1745,2025-01-14,Tablet,Electronics,1,2000,South,2000
1746,2025-01-15,Tablet,Accessories,4,25000,East,100000
1747,2025-01-16,Tablet,Accessories,5,55000,East,275000
1748,2025-01-17,Tablet,Electronics,3,25000,South,75000
1749,2025-01-18,Mobile,Accessories,1,12000,East,12000
1750,2025-01-19,Tablet,Electronics,4,12000,South,48000
1751,2025-01-20,Headphones,Electronics,3,55000,West,165000
1752,2025-01-21,Headphones,Electronics,2,2000,West,4000
1753,2025-01-22,Mobile,Electronics,2,2000,West,4000
1754,2025-01-23,Tablet,Accessories,3,5000,East,15000
1755,2025-01-24,Tablet,Electronics,1,55000,North,55000
1756,2025-01-25,Tablet,Accessories,2,25000,North,50000
1757,2025-01-26,Smartwatch,Accessories,5,55000,East,275000
1758,2025-01-27,Laptop,Accessories,3,5000,North,15000
1759,2025-01-28,Smartwatch,Accessories,3,55000,South,165000
1760,2025-01-29,Laptop,Electronics,2,55000,North,110000
1761,2025-01-30,Tablet,Electronics,1,5000,East,5000
1762,2025-01-31,Tablet,Accessories,5,2000,East,10000
1763,2025-02-01,Smartwatch,Accessories,1,25000,South,25000
1764,2025-02-02,Smartwatch,Electronics,4,5000,West,20000
1765,2025-02-03,Laptop,Accessories,4,12000,East,48000
1766,2025-02-04,Headphones,Electronics,2,2000,South,4000
1767,2025-02-05,Laptop,Accessories,2,12000,North,24000
1768,2025-02-06,Smartwatch,Electronics,2,2000,North,4000
1769,2025-02-07,Smartwatch,Accessories,4,25000,South,100000
1770,2025-02-08,Mobile,Accessories,1,25000,South,25000
1771,2025-02-09,Smartwatch,Electronics,1,55000,East,55000
1772,2025-02-10,Mobile,Accessories,2,12000,North,24000
1773,2025-02-11,Headphones,Accessories,5,2000,South,10000
1774,2025-02-12,Laptop,Electronics,1,25000,North,25000
1775,2025-02-13,Laptop,Accessories,4,5000,South,20000
1776,2025-02-14,Mobile,Electronics,3,25000,North,75000
1777,2025-02-15,Laptop,Electronics,3,5000,West,15000
1778,2025-02-16,Smartwatch,Accessories,3,2000,East,6000
1779,2025-02-17,Tablet,Accessories,5,25000,North,125000
1780,2025-02-18,Mobile,Accessories,2,25000,West,50000
1781,2025-02-19,Laptop,Accessories,4,2000,North,8000
1782,2025-02-20,Mobile,Accessories,5,25000,North,125000
1783,2025-02-21,Mobile,Accessories,4,5000,West,20000
1784,2025-02-22,Tablet,Accessories,4,25000,North,100000
1785,2025-02-23,Smartwatch,Electronics,2,12000,North,24000
1786,2025-02-24,Mobile,Accessories,3,55000,East,165000
1787,2025-02-25,Laptop,Electronics,2,5000,West,10000
1788,2025-02-26,Headphones,Accessories,5,12000,West,60000
1789,2025-02-27,Mobile,Accessories,5,2000,South,10000
1790,2025-02-28,Mobile,Electronics,5,5000,North,25000
1791,2025-03-01,Tablet,Accessories,2,55000,East,110000
1792,2025-03-02,Smartwatch,Accessories,4,55000,North,220000
1793,2025-03-03,Headphones,Electronics,4,2000,North,8000
1794,2025-03-04,Laptop,Accessories,1,2000,South,2000
1795,2025-03-05,Headphones,Accessories,5,5000,North,25000
1796,2025-03-06,Laptop,Accessories,4,25000,East,100000
1797,2025-03-07,Smartwatch,Electronics,1,2000,East,2000
1798,2025-03-08,Laptop,Accessories,4,25000,South,100000
1799,2025-03-09,Tablet,Accessories,5,12000,North,60000
1800,2025-03-10,Tablet,Accessories,3,55000,East,165000
1801,2025-03-11,Tablet,Accessories,5,25000,North,125000
1802,2025-03-12,Tablet,Electronics,2,55000,North,110000
1803,2025-03-13,Headphones,Electronics,4,25000,North,100000
1804,2025-03-14,Smartwatch,Accessories,4,12000,South,48000
1805,2025-03-15,Laptop,Accessories,2,2000,North,4000
1806,2025-03-16,Laptop,Electronics,2,12000,East,24000
1807,2025-03-17,Tablet,Electronics,3,2000,North,6000
1808,2025-03-18,Tablet,Accessories,4,2000,East,8000
1809,2025-03-19,Mobile,Electronics,4,55000,North,220000
1810,2025-03-20,Smartwatch,Accessories,3,12000,East,36000
1811,2025-03-21,Headphones,Electronics,1,25000,East,25000
1812,2025-03-22,Laptop,Electronics,3,12000,North,36000
1813,2025-03-23,Mobile,Electronics,5,55000,North,275000
1814,2025-03-24,Mobile,Electronics,4,2000,East,8000
1815,2025-03-25,Laptop,Accessories,2,55000,West,110000
1816,2025-03-26,Headphones,Electronics,5,5000,South,25000
1817,2025-03-27,Mobile,Electronics,4,5000,West,20000
1818,2025-03-28,Mobile,Accessories,3,25000,West,75000
1819,2025-03-29,Smartwatch,Electronics,5,55000,North,275000
1820,2025-03-30,Headphones,Electronics,4,25000,South,100000
1821,2025-03-31,Mobile,Accessories,1,25000,West,25000
1822,2025-04-01,Headphones,Electronics,1,5000,North,5000
1823,2025-04-02,Laptop,Accessories,2,25000,West,50000
1824,2025-04-03,Tablet,Accessories,4,5000,West,20000
1825,2025-04-04,Mobile,Accessories,1,2000,North,2000
1826,2025-04-05,Smartwatch,Accessories,3,55000,North,165000
1827,2025-04-06,Laptop,Electronics,4,25000,North,100000
1828,2025-04-07,Headphones,Accessories,3,5000,South,15000
1829,2025-04-08,Laptop,Electronics,3,12000,West,36000
1830,2025-04-09,Mobile,Electronics,1,25000,North,25000
1831,2025-04-10,Headphones,Electronics,4,2000,East,8000
1832,2025-04-11,Tablet,Electronics,5,2000,West,10000
1833,2025-04-12,Laptop,Electronics,1,12000,East,12000
1834,2025-04-13,Mobile,Electronics,1,5000,South,5000
1835,2025-04-14,Smartwatch,Electronics,4,25000,North,100000
1836,2025-04-15,Headphones,Electronics,4,5000,East,20000
1837,2025-04-16,Laptop,Electronics,3,2000,South,6000
1838,2025-04-17,Laptop,Electronics,4,5000,North,20000
1839,2025-04-18,Tablet,Accessories,3,2000,East,6000
1840,2025-04-19,Tablet,Accessories,1,5000,East,5000
1841,2025-04-20,Smartwatch,Accessories,2,12000,South,24000
1842,2025-04-21,Smartwatch,Electronics,5,55000,North,275000
1843,2025-04-22,Mobile,Accessories,1,12000,North,12000
1844,2025-04-23,Mobile,Accessories,4,12000,East,48000
1845,2025-04-24,Smartwatch,Accessories,5,55000,East,275000
1846,2025-04-25,Smartwatch,Electronics,2,55000,East,110000
1847,2025-04-26,Headphones,Electronics,2,25000,North,50000
1848,2025-04-27,Tablet,Electronics,3,25000,South,75000
1849,2025-04-28,Mobile,Electronics,5,12000,South,60000
1850,2025-04-29,Tablet,Accessories,3,12000,North,36000
1851,2025-04-30,Tablet,Accessories,1,2000,West,2000
1852,2025-05-01,Smartwatch,Accessories,5,2000,South,10000
1853,2025-05-02,Headphones,Accessories,1,25000,East,25000
1854,2025-05-03,Laptop,Electronics,3,25000,West,75000
1855,2025-05-04,Headphones,Electronics,5,2000,West,10000
1856,2025-05-05,Headphones,Electronics,3,2000,South,6000
1857,2025-05-06,Tablet,Accessories,5,5000,West,25000
1858,2025-05-07,Headphones,Electronics,3,5000,West,15000
1859,2025-05-08,Mobile,Electronics,2,2000,South,4000
1860,2025-05-09,Tablet,Accessories,3,5000,South,15000
1861,2025-05-10,Mobile,Accessories,2,55000,West,110000
1862,2025-05-11,Laptop,Electronics,3,25000,East,75000
1863,2025-05-12,Tablet,Electronics,5,25000,North,125000
1864,2025-05-13,Laptop,Electronics,5,2000,West,10000
1865,2025-05-14,Tablet,Electronics,5,12000,West,60000
1866,2025-05-15,Smartwatch,Electronics,4,2000,East,8000
1867,2025-05-16,Headphones,Electronics,1,5000,West,5000
1868,2025-05-17,Smartwatch,Accessories,5,12000,West,60000
1869,2025-05-18,Laptop,Accessories,2,5000,North,10000
1870,2025-05-19,Headphones,Accessories,5,55000,North,275000
1871,2025-05-20,Tablet,Electronics,4,5000,North,20000
1872,2025-05-21,Headphones,Accessories,2,55000,South,110000
1873,2025-05-22,Mobile,Electronics,4,55000,South,220000
1874,2025-05-23,Headphones,Electronics,2,5000,North,10000
1875,2025-05-24,Mobile,Accessories,3,5000,North,15000
1876,2025-05-25,Headphones,Electronics,1,55000,South,55000
1877,2025-05-26,Mobile,Electronics,1,12000,East,12000
1878,2025-05-27,Laptop,Accessories,4,55000,West,220000
1879,2025-05-28,Smartwatch,Accessories,1,25000,West,25000
1880,2025-05-29,Tablet,Accessories,4,55000,North,220000
1881,2025-05-30,Headphones,Electronics,4,12000,East,48000
1882,2025-05-31,Smartwatch,Accessories,4,25000,South,100000
1883,2025-06-01,Tablet,Accessories,1,2000,North,2000
1884,2025-06-02,Tablet,Electronics,4,2000,East,8000
1885,2025-06-03,Mobile,Accessories,1,12000,East,12000
1886,2025-06-04,Laptop,Accessories,4,55000,East,220000
1887,2025-06-05,Laptop,Accessories,5,5000,South,25000
1888,2025-06-06,Smartwatch,Electronics,4,12000,South,48000
1889,2025-06-07,Laptop,Electronics,2,25000,West,50000
1890,2025-06-08,Headphones,Electronics,4,25000,West,100000
1891,2025-06-09,Laptop,Electronics,3,2000,East,6000
1892,2025-06-10,Smartwatch,Accessories,4,25000,East,100000
1893,2025-06-11,Laptop,Electronics,2,12000,South,24000
1894,2025-06-12,Headphones,Electronics,2,25000,West,50000
1895,2025-06-13,Mobile,Accessories,1,12000,East,12000
1896,2025-06-14,Smartwatch,Accessories,5,5000,West,25000
1897,2025-06-15,Mobile,Accessories,4,2000,West,8000
1898,2025-06-16,Mobile,Electronics,1,25000,East,25000
1899,2025-06-17,Mobile,Electronics,5,12000,South,60000
1900,2025-06-18,Tablet,Electronics,4,55000,East,220000
1901,2025-06-19,Tablet,Accessories,3,2000,East,6000
1902,2025-06-20,Mobile,Accessories,4,5000,West,20000
1903,2025-06-21,Smartwatch,Electronics,2,12000,East,24000
1904,2025-06-22,Headphones,Accessories,2,5000,South,10000
1905,2025-06-23,Headphones,Accessories,3,5000,East,15000
1906,2025-06-24,Laptop,Accessories,1,25000,South,25000
1907,2025-06-25,Smartwatch,Electronics,5,25000,South,125000
1908,2025-06-26,Tablet,Accessories,4,12000,West,48000
1909,2025-06-27,Mobile,Accessories,2,55000,North,110000
1910,2025-06-28,Laptop,Electronics,1,12000,North,12000
1911,2025-06-29,Headphones,Electronics,3,55000,West,165000
1912,2025-06-30,Tablet,Accessories,2,5000,East,10000
1913,2025-07-01,Tablet,Accessories,3,2000,West,6000
1914,2025-07-02,Mobile,Electronics,4,12000,South,48000
1915,2025-07-03,Headphones,Electronics,5,12000,North,60000
1916,2025-07-04,Smartwatch,Accessories,2,55000,West,110000
1917,2025-07-05,Tablet,Accessories,2,5000,East,10000
1918,2025-07-06,Mobile,Accessories,4,5000,West,20000
1919,2025-07-07,Smartwatch,Accessories,1,55000,North,55000
1920,2025-07-08,Headphones,Electronics,5,5000,West,25000
1921,2025-07-09,Tablet,Accessories,2,25000,West,50000
1922,2025-07-10,Smartwatch,Accessories,5,2000,North,10000
1923,2025-07-11,Smartwatch,Electronics,2,12000,South,24000
1924,2025-07-12,Smartwatch,Accessories,5,2000,South,10000
1925,2025-07-13,Tablet,Electronics,3,12000,North,36000
1926,2025-07-14,Tablet,Accessories,2,25000,West,50000
1927,2025-07-15,Laptop,Accessories,5,5000,North,25000
1928,2025-07-16,Headphones,Electronics,1,55000,South,55000
1929,2025-07-17,Mobile,Electronics,3,25000,East,75000
1930,2025-07-18,Smartwatch,Accessories,3,2000,West,6000
1931,2025-07-19,Laptop,Accessories,1,55000,South,55000
1932,2025-07-20,Mobile,Accessories,5,5000,West,25000
1933,2025-07-21,Laptop,Electronics,4,25000,North,100000
1934,2025-07-22,Tablet,Accessories,1,55000,East,55000
1935,2025-07-23,Smartwatch,Electronics,5,25000,North,125000
1936,2025-07-24,Mobile,Electronics,1,25000,East,25000
1937,2025-07-25,Mobile,Accessories,1,5000,West,5000
1938,2025-07-26,Mobile,Electronics,2,12000,West,24000
1939,2025-07-27,Mobile,Accessories,5,55000,North,275000
1940,2025-07-28,Mobile,Accessories,4,5000,East,20000
1941,2025-07-29,Laptop,Accessories,2,25000,East,50000
1942,2025-07-30,Smartwatch,Accessories,1,5000,West,5000
1943,2025-07-31,Tablet,Accessories,1,12000,North,12000
1944,2025-08-01,Tablet,Electronics,1,55000,East,55000
1945,2025-08-02,Tablet,Electronics,5,12000,West,60000
1946,2025-08-03,Tablet,Accessories,5,2000,South,10000
1947,2025-08-04,Laptop,Accessories,2,55000,North,110000
1948,2025-08-05,Headphones,Electronics,4,12000,South,48000
1949,2025-08-06,Smartwatch,Electronics,2,25000,North,50000
1950,2025-08-07,Mobile,Electronics,3,55000,West,165000
1951,2025-08-08,Headphones,Electronics,1,55000,East,55000
1952,2025-08-09,Tablet,Accessories,1,5000,East,5000
1953,2025-08-10,Headphones,Accessories,1,25000,East,25000
1954,2025-08-11,Smartwatch,Electronics,2,2000,North,4000
1955,2025-08-12,Mobile,Accessories,2,12000,West,24000
1956,2025-08-13,Mobile,Electronics,1,5000,South,5000
1957,2025-08-14,Smartwatch,Accessories,2,12000,West,24000
1958,2025-08-15,Smartwatch,Electronics,5,2000,South,10000
1959,2025-08-16,Tablet,Accessories,5,2000,North,10000
1960,2025-08-17,Mobile,Electronics,2,55000,North,110000
1961,2025-08-18,Headphones,Electronics,1,2000,South,2000
1962,2025-08-19,Laptop,Accessories,2,12000,South,24000
1963,2025-08-20,Laptop,Electronics,2,25000,South,50000
1964,2025-08-21,Smartwatch,Accessories,2,25000,West,50000
1965,2025-08-22,Tablet,Accessories,3,55000,South,165000
1966,2025-08-23,Laptop,Electronics,5,12000,North,60000
1967,2025-08-24,Mobile,Accessories,4,12000,North,48000
1968,2025-08-25,Smartwatch,Accessories,4,2000,East,8000
1969,2025-08-26,Headphones,Accessories,3,12000,South,36000
1970,2025-08-27,Smartwatch,Accessories,2,5000,West,10000
1971,2025-08-28,Headphones,Accessories,3,2000,West,6000
1972,2025-08-29,Smartwatch,Electronics,3,5000,West,15000
1973,2025-08-30,Smartwatch,Accessories,1,55000,East,55000
1974,2025-08-31,Smartwatch,Accessories,5,25000,North,125000
1975,2025-09-01,Headphones,Accessories,4,55000,West,220000
1976,2025-09-02,Headphones,Accessories,2,25000,North,50000
1977,2025-09-03,Smartwatch,Accessories,4,55000,East,220000
1978,2025-09-04,Laptop,Electronics,4,12000,South,48000
1979,2025-09-05,Tablet,Accessories,5,5000,South,25000
1980,2025-09-06,Tablet,Electronics,4,25000,South,100000
1981,2025-09-07,Tablet,Electronics,4,2000,West,8000
1982,2025-09-08,Headphones,Electronics,3,5000,South,15000
1983,2025-09-09,Headphones,Electronics,5,2000,West,10000
1984,2025-09-10,Laptop,Accessories,1,5000,East,5000
1985,2025-09-11,Tablet,Electronics,2,5000,East,10000
1986,2025-09-12,Tablet,Electronics,4,55000,West,220000
1987,2025-09-13,Smartwatch,Accessories,2,25000,North,50000
1988,2025-09-14,Headphones,Accessories,1,25000,South,25000
1989,2025-09-15,Tablet,Accessories,2,5000,South,10000
1990,2025-09-16,Laptop,Electronics,1,12000,South,12000
1991,2025-09-17,Laptop,Accessories,3,12000,West,36000
1992,2025-09-18,Tablet,Accessories,4,2000,East,8000
1993,2025-09-19,Headphones,Electronics,1,2000,South,2000
1994,2025-09-20,Laptop,Accessories,2,55000,East,110000
1995,2025-09-21,Smartwatch,Accessories,4,5000,South,20000
1996,2025-09-22,Laptop,Accessories,3,2000,South,6000
1997,2025-09-23,Mobile,Accessories,4,2000,West,8000
1998,2025-09-24,Mobile,Electronics,1,5000,North,5000
1999,2025-09-25,Headphones,Accessories,3,55000,West,165000
2000,2025-09-26,Tablet,Accessories,2,2000,South,4000
